snapshot_date,ticker,issuer_name,sector,subsector,universe_rank,current_tradeable,production_actionable,data_quality_state,liquidity_state,selection_reason,membership_state,runtime_ranking_eligible
2026-09-09,BBCA,PT Bank Central Asia Tbk.,Keuangan,Bank,1,true,true,AVAILABLE,ACTIVE_60D,TOP900_TRADEABLE_COMPOSITE,CURRENT_TOP900_NOT_HISTORICAL,true
2026-09-09,TPIA,PT Chandra Asri Pacific Tbk,Barang Baku,Barang Baku,2,true,true,AVAILABLE,ACTIVE_60D,TOP900_TRADEABLE_COMPOSITE,CURRENT_TOP900_NOT_HISTORICAL,true
2026-09-09,BBRI,PT Bank Rakyat Indonesia (Persero) Tbk,Keuangan,Bank,3,true,true,AVAILABLE,ACTIVE_60D,TOP900_TRADEABLE_COMPOSITE,CURRENT_TOP900_NOT_HISTORICAL,true
2026-09-09,BMRI,PT Bank Mandiri (Persero) Tbk,Keuangan,Bank,4,true,true,AVAILABLE,ACTIVE_60D,TOP900_TRADEABLE_COMPOSITE,CURRENT_TOP900_NOT_HISTORICAL,true
2026-09-09,DSSA,Dian Swastatika Sentosa Tbk,Energi,"Minyak, Gas & Batu Bara",5,true,true,AVAILABLE,ACTIVE_60D,TOP900_TRADEABLE_COMPOSITE,CURRENT_TOP900_NOT_HISTORICAL,true
2026-09-09,BUMI,Bumi Resources Tbk,Energi,"Minyak, Gas & Batu Bara",6,true,true,AVAILABLE,ACTIVE_60D,TOP900_TRADEABLE_COMPOSITE,CURRENT_TOP900_NOT_HISTORICAL,true
2026-09-09,AMMN,PT Amman Mineral Internasional Tbk.,Barang Baku,Barang Baku,7,true,true,AVAILABLE,ACTIVE_60D,TOP900_TRADEABLE_COMPOSITE,CURRENT_TOP900_NOT_HISTORICAL,true
2026-09-09,CUAN,PT Petrindo Jaya Kreasi Tbk,Energi,"Minyak, Gas & Batu Bara",8,true,true,AVAILABLE,ACTIVE_60D,TOP900_TRADEABLE_COMPOSITE,CURRENT_TOP900_NOT_HISTORICAL,true
2026-09-09,ANTM,PT ANTAM (Persero) Tbk,Barang Baku,Barang Baku,9,true,true,AVAILABLE,ACTIVE_60D,TOP900_TRADEABLE_COMPOSITE,CURRENT_TOP900_NOT_HISTORICAL,true
2026-09-09,BRPT,Barito Pacific Tbk,Barang Baku,Barang Baku,10,true,true,AVAILABLE,ACTIVE_60D,TOP900_TRADEABLE_COMPOSITE,CURRENT_TOP900_NOT_HISTORICAL,true
2026-09-09,TLKM,PT Telkom Indonesia (Persero) Tbk,Infrastruktur,Telekomunikasi,11,true,true,AVAILABLE,ACTIVE_60D,TOP900_TRADEABLE_COMPOSITE,CURRENT_TOP900_NOT_HISTORICAL,true
2026-09-09,DEWA,Darma Henwa Tbk,Energi,"Minyak, Gas & Batu Bara",12,true,true,AVAILABLE,ACTIVE_60D,TOP900_TRADEABLE_COMPOSITE,CURRENT_TOP900_NOT_HISTORICAL,true
2026-09-09,BRMS,Bumi Resources Minerals Tbk,Barang Baku,Barang Baku,13,true,true,AVAILABLE,ACTIVE_60D,TOP900_TRADEABLE_COMPOSITE,CURRENT_TOP900_NOT_HISTORICAL,true
2026-09-09,ASII,Astra International Tbk,Perindustrian,Perusahaan Holding Multi Sektor,14,true,true,AVAILABLE,ACTIVE_60D,TOP900_TRADEABLE_COMPOSITE,CURRENT_TOP900_NOT_HISTORICAL,true
2026-09-09,BBNI,PT Bank Negara Indonesia (Persero) Tbk,Keuangan,Bank,15,true,true,AVAILABLE,ACTIVE_60D,TOP900_TRADEABLE_COMPOSITE,CURRENT_TOP900_NOT_HISTORICAL,true
2026-09-09,BULL,PT Buana Lintas Lautan Tbk.,Energi,"Minyak, Gas & Batu Bara",16,true,true,AVAILABLE,ACTIVE_60D,TOP900_TRADEABLE_COMPOSITE,CURRENT_TOP900_NOT_HISTORICAL,true
2026-09-09,BREN,PT Barito Renewables Energy Tbk.,Infrastruktur,Utilitas,17,true,true,AVAILABLE,ACTIVE_60D,TOP900_TRADEABLE_COMPOSITE,CURRENT_TOP900_NOT_HISTORICAL,true
2026-09-09,ENRG,Energi Mega Persada Tbk,Energi,"Minyak, Gas & Batu Bara",18,true,true,AVAILABLE,ACTIVE_60D,TOP900_TRADEABLE_COMPOSITE,CURRENT_TOP900_NOT_HISTORICAL,true
2026-09-09,MDKA,PT Merdeka Copper Gold Tbk.,Barang Baku,Barang Baku,19,true,true,AVAILABLE,ACTIVE_60D,TOP900_TRADEABLE_COMPOSITE,CURRENT_TOP900_NOT_HISTORICAL,true
2026-09-09,UNTR,United Tractors Tbk,Perindustrian,Barang Perindustrian,20,true,true,AVAILABLE,ACTIVE_60D,TOP900_TRADEABLE_COMPOSITE,CURRENT_TOP900_NOT_HISTORICAL,true
2026-09-09,PTRO,Petrosea Tbk,Energi,"Minyak, Gas & Batu Bara",21,true,true,AVAILABLE,ACTIVE_60D,TOP900_TRADEABLE_COMPOSITE,CURRENT_TOP900_NOT_HISTORICAL,true
2026-09-09,AADI,PT Adaro Andalan Indonesia Tbk,Energi,"Minyak, Gas & Batu Bara",22,true,true,AVAILABLE,ACTIVE_60D,TOP900_TRADEABLE_COMPOSITE,CURRENT_TOP900_NOT_HISTORICAL,true
2026-09-09,ISAT,PT Indosat Tbk,Infrastruktur,Telekomunikasi,23,true,true,AVAILABLE,ACTIVE_60D,TOP900_TRADEABLE_COMPOSITE,CURRENT_TOP900_NOT_HISTORICAL,true
2026-09-09,ADRO,Alamtri Resources Indonesia Tbk,Energi,"Minyak, Gas & Batu Bara",24,true,true,AVAILABLE,ACTIVE_60D,TOP900_TRADEABLE_COMPOSITE,CURRENT_TOP900_NOT_HISTORICAL,true
2026-09-09,IATA,PT Karya Pacific Energy Tbk,Energi,"Minyak, Gas & Batu Bara",25,true,true,AVAILABLE,ACTIVE_60D,TOP900_TRADEABLE_COMPOSITE,CURRENT_TOP900_NOT_HISTORICAL,true
2026-09-09,KOTA,PT DMS Propertindo Tbk.,Barang Konsumen Non-Primer,Jasa Konsumen,26,true,true,AVAILABLE,ACTIVE_60D,TOP900_TRADEABLE_COMPOSITE,CURRENT_TOP900_NOT_HISTORICAL,true
2026-09-09,CPIN,Charoen Pokphand Indonesia Tbk,Barang Konsumen Primer,Makanan & Minuman,27,true,true,AVAILABLE,ACTIVE_60D,TOP900_TRADEABLE_COMPOSITE,CURRENT_TOP900_NOT_HISTORICAL,true
2026-09-09,RAJA,Rukun Raharja Tbk,Energi,"Minyak, Gas & Batu Bara",28,true,true,AVAILABLE,ACTIVE_60D,TOP900_TRADEABLE_COMPOSITE,CURRENT_TOP900_NOT_HISTORICAL,true
2026-09-09,MEDC,PT Medco Energi Internasional Tbk,Energi,"Minyak, Gas & Batu Bara",29,true,true,AVAILABLE,ACTIVE_60D,TOP900_TRADEABLE_COMPOSITE,CURRENT_TOP900_NOT_HISTORICAL,true
2026-09-09,JGLE,PT Graha Andrasentra Propertindo Tbk.,Barang Konsumen Non-Primer,Jasa Konsumen,30,true,true,AVAILABLE,ACTIVE_60D,TOP900_TRADEABLE_COMPOSITE,CURRENT_TOP900_NOT_HISTORICAL,true
2026-09-09,KLBF,Kalbe Farma Tbk,Kesehatan,Farmasi & Riset Kesehatan,31,true,true,AVAILABLE,ACTIVE_60D,TOP900_TRADEABLE_COMPOSITE,CURRENT_TOP900_NOT_HISTORICAL,true
2026-09-09,AMRT,PT Sumber Alfaria Trijaya Tbk.,Barang Konsumen Primer,Perdagangan Ritel Barang Primer,32,true,true,AVAILABLE,ACTIVE_60D,TOP900_TRADEABLE_COMPOSITE,CURRENT_TOP900_NOT_HISTORICAL,true
2026-09-09,ESSA,ESSA Industries Indonesia Tbk,Barang Baku,Barang Baku,33,true,true,AVAILABLE,ACTIVE_60D,TOP900_TRADEABLE_COMPOSITE,CURRENT_TOP900_NOT_HISTORICAL,true
2026-09-09,INCO,Vale Indonesia Tbk,Barang Baku,Barang Baku,34,true,true,AVAILABLE,ACTIVE_60D,TOP900_TRADEABLE_COMPOSITE,CURRENT_TOP900_NOT_HISTORICAL,true
2026-09-09,MBMA,PT Merdeka Battery Materials Tbk,Barang Baku,Barang Baku,35,true,true,AVAILABLE,ACTIVE_60D,TOP900_TRADEABLE_COMPOSITE,CURRENT_TOP900_NOT_HISTORICAL,true
2026-09-09,BNBR,Bakrie & Brothers Tbk,Perindustrian,Perusahaan Holding Multi Sektor,36,true,true,AVAILABLE,ACTIVE_60D,TOP900_TRADEABLE_COMPOSITE,CURRENT_TOP900_NOT_HISTORICAL,true
2026-09-09,KIJA,Kawasan Industri Jababeka Tbk,Properti & Real Estat,Properti & Real Estat,37,true,true,AVAILABLE,ACTIVE_60D,TOP900_TRADEABLE_COMPOSITE,CURRENT_TOP900_NOT_HISTORICAL,true
2026-09-09,INET,PT Sinergi Inti Andalan Prima Tbk.,Infrastruktur,Telekomunikasi,38,true,true,AVAILABLE,ACTIVE_60D,TOP900_TRADEABLE_COMPOSITE,CURRENT_TOP900_NOT_HISTORICAL,true
2026-09-09,INDY,Indika Energy Tbk,Energi,"Minyak, Gas & Batu Bara",39,true,true,AVAILABLE,ACTIVE_60D,TOP900_TRADEABLE_COMPOSITE,CURRENT_TOP900_NOT_HISTORICAL,true
2026-09-09,TINS,PT TIMAH (Persero) Tbk,Barang Baku,Barang Baku,40,true,true,AVAILABLE,ACTIVE_60D,TOP900_TRADEABLE_COMPOSITE,CURRENT_TOP900_NOT_HISTORICAL,true
2026-09-09,MAPI,PT Mitra Adiperkasa Tbk,Barang Konsumen Non-Primer,Perdagangan Ritel,41,true,true,AVAILABLE,ACTIVE_60D,TOP900_TRADEABLE_COMPOSITE,CURRENT_TOP900_NOT_HISTORICAL,true
2026-09-09,PTBA,PT Bukit Asam (Persero) Tbk,Energi,"Minyak, Gas & Batu Bara",42,true,true,AVAILABLE,ACTIVE_60D,TOP900_TRADEABLE_COMPOSITE,CURRENT_TOP900_NOT_HISTORICAL,true
2026-09-09,ARCI,PT Archi Indonesia Tbk,Barang Baku,Barang Baku,43,true,true,AVAILABLE,ACTIVE_60D,TOP900_TRADEABLE_COMPOSITE,CURRENT_TOP900_NOT_HISTORICAL,true
2026-09-09,COCO,PT Wahana Interfood Nusantara Tbk.,Barang Konsumen Primer,Makanan & Minuman,44,true,true,AVAILABLE,ACTIVE_60D,TOP900_TRADEABLE_COMPOSITE,CURRENT_TOP900_NOT_HISTORICAL,true
2026-09-09,PSAB,J RESOURCES ASIA PASIFIK Tbk,Barang Baku,Barang Baku,45,true,true,AVAILABLE,ACTIVE_60D,TOP900_TRADEABLE_COMPOSITE,CURRENT_TOP900_NOT_HISTORICAL,true
2026-09-09,BUVA,PT Bukit Uluwatu Villa Tbk,Barang Konsumen Non-Primer,Jasa Konsumen,46,true,true,AVAILABLE,ACTIVE_60D,TOP900_TRADEABLE_COMPOSITE,CURRENT_TOP900_NOT_HISTORICAL,true
2026-09-09,WIFI,PT Solusi Sinergi Digital Tbk,Teknologi,Perangkat Lunak & Jasa TI,47,true,true,AVAILABLE,ACTIVE_60D,TOP900_TRADEABLE_COMPOSITE,CURRENT_TOP900_NOT_HISTORICAL,true
2026-09-09,ADMR,PT Alamtri Minerals Indonesia Tbk,Energi,"Minyak, Gas & Batu Bara",48,true,true,AVAILABLE,ACTIVE_60D,TOP900_TRADEABLE_COMPOSITE,CURRENT_TOP900_NOT_HISTORICAL,true
2026-09-09,BIPI,PT Astrindo Nusantara Infrastruktur Tbk.,Energi,"Minyak, Gas & Batu Bara",49,true,true,AVAILABLE,ACTIVE_60D,TOP900_TRADEABLE_COMPOSITE,CURRENT_TOP900_NOT_HISTORICAL,true
2026-09-09,NCKL,PT Trimegah Bangun Persada Tbk.,Barang Baku,Barang Baku,50,true,true,AVAILABLE,ACTIVE_60D,TOP900_TRADEABLE_COMPOSITE,CURRENT_TOP900_NOT_HISTORICAL,true
2026-09-09,PGAS,PT Perusahaan Gas Negara (Persero) Tbk,Energi,"Minyak, Gas & Batu Bara",51,true,true,AVAILABLE,ACTIVE_60D,TOP900_TRADEABLE_COMPOSITE,CURRENT_TOP900_NOT_HISTORICAL,true
2026-09-09,INDF,Indofood Sukses Makmur Tbk,Barang Konsumen Primer,Makanan & Minuman,52,true,true,AVAILABLE,ACTIVE_60D,TOP900_TRADEABLE_COMPOSITE,CURRENT_TOP900_NOT_HISTORICAL,true
2026-09-09,ERAA,Erajaya Swasembada Tbk,Barang Konsumen Non-Primer,Perdagangan Ritel,53,true,true,AVAILABLE,ACTIVE_60D,TOP900_TRADEABLE_COMPOSITE,CURRENT_TOP900_NOT_HISTORICAL,true
2026-09-09,INKP,Indah Kiat Pulp & Paper Tbk,Barang Baku,Barang Baku,54,true,true,AVAILABLE,ACTIVE_60D,TOP900_TRADEABLE_COMPOSITE,CURRENT_TOP900_NOT_HISTORICAL,true
2026-09-09,DMAS,PT Puradelta Lestari Tbk.,Properti & Real Estat,Properti & Real Estat,55,true,true,AVAILABLE,ACTIVE_60D,TOP900_TRADEABLE_COMPOSITE,CURRENT_TOP900_NOT_HISTORICAL,true
2026-09-09,EMAS,PT Merdeka Gold Resources Tbk,Barang Baku,Barang Baku,56,true,true,AVAILABLE,ACTIVE_60D,TOP900_TRADEABLE_COMPOSITE,CURRENT_TOP900_NOT_HISTORICAL,true
2026-09-09,CDIA,PT Chandra Daya Investasi Tbk,Infrastruktur,Utilitas,57,true,true,AVAILABLE,ACTIVE_60D,TOP900_TRADEABLE_COMPOSITE,CURRENT_TOP900_NOT_HISTORICAL,true
2026-09-09,SMGR,Semen Indonesia (Persero) Tbk,Barang Baku,Barang Baku,58,true,true,AVAILABLE,ACTIVE_60D,TOP900_TRADEABLE_COMPOSITE,CURRENT_TOP900_NOT_HISTORICAL,true
2026-09-09,SSIA,PT Surya Semesta Internusa Tbk,Infrastruktur,Konstruksi Bangunan,59,true,true,AVAILABLE,ACTIVE_60D,TOP900_TRADEABLE_COMPOSITE,CURRENT_TOP900_NOT_HISTORICAL,true
2026-09-09,ITMG,Indo Tambangraya Megah Tbk,Energi,"Minyak, Gas & Batu Bara",60,true,true,AVAILABLE,ACTIVE_60D,TOP900_TRADEABLE_COMPOSITE,CURRENT_TOP900_NOT_HISTORICAL,true
2026-09-09,TAPG,PT Triputra Agro Persada Tbk.,Barang Konsumen Primer,Makanan & Minuman,61,true,true,AVAILABLE,ACTIVE_60D,TOP900_TRADEABLE_COMPOSITE,CURRENT_TOP900_NOT_HISTORICAL,true
2026-09-09,VKTR,PT VKTR Teknologi Mobilitas Tbk,Barang Konsumen Non-Primer,Otomotif & Komponen Otomotif,62,true,true,AVAILABLE,ACTIVE_60D,TOP900_TRADEABLE_COMPOSITE,CURRENT_TOP900_NOT_HISTORICAL,true
2026-09-09,ICBP,Indofood CBP Sukses Makmur Tbk,Barang Konsumen Primer,Makanan & Minuman,63,true,true,AVAILABLE,ACTIVE_60D,TOP900_TRADEABLE_COMPOSITE,CURRENT_TOP900_NOT_HISTORICAL,true
2026-09-09,PANI,PT Pantai Indah Kapuk Dua Tbk.,Properti & Real Estat,Properti & Real Estat,64,true,true,AVAILABLE,ACTIVE_60D,TOP900_TRADEABLE_COMPOSITE,CURRENT_TOP900_NOT_HISTORICAL,true
2026-09-09,RATU,PT Raharja Energi Cepu Tbk,Energi,"Minyak, Gas & Batu Bara",65,true,true,AVAILABLE,ACTIVE_60D,TOP900_TRADEABLE_COMPOSITE,CURRENT_TOP900_NOT_HISTORICAL,true
2026-09-09,JPFA,JAPFA Comfeed Indonesia Tbk,Barang Konsumen Primer,Makanan & Minuman,66,true,true,AVAILABLE,ACTIVE_60D,TOP900_TRADEABLE_COMPOSITE,CURRENT_TOP900_NOT_HISTORICAL,true
2026-09-09,UNVR,Unilever Indonesia Tbk,Barang Konsumen Primer,Produk Rumah Tangga Tidak Tahan Lama,67,true,true,AVAILABLE,ACTIVE_60D,TOP900_TRADEABLE_COMPOSITE,CURRENT_TOP900_NOT_HISTORICAL,true
2026-09-09,TOWR,Sarana Menara Nusantara Tbk,Infrastruktur,Telekomunikasi,68,true,true,AVAILABLE,ACTIVE_60D,TOP900_TRADEABLE_COMPOSITE,CURRENT_TOP900_NOT_HISTORICAL,true
2026-09-09,TCPI,PT Transcoal Pacific Tbk.,Energi,"Minyak, Gas & Batu Bara",69,true,true,AVAILABLE,ACTIVE_60D,TOP900_TRADEABLE_COMPOSITE,CURRENT_TOP900_NOT_HISTORICAL,true
2026-09-09,GGRM,Gudang Garam Tbk,Barang Konsumen Primer,Rokok,70,true,true,AVAILABLE,ACTIVE_60D,TOP900_TRADEABLE_COMPOSITE,CURRENT_TOP900_NOT_HISTORICAL,true
2026-09-09,HRTA,PT Hartadinata Abadi Tbk,Barang Konsumen Non-Primer,Pakaian & Barang Mewah,71,true,true,AVAILABLE,ACTIVE_60D,TOP900_TRADEABLE_COMPOSITE,CURRENT_TOP900_NOT_HISTORICAL,true
2026-09-09,BRIS,PT Bank Syariah Indonesia (Persero) Tbk,Keuangan,Bank,72,true,true,AVAILABLE,ACTIVE_60D,TOP900_TRADEABLE_COMPOSITE,CURRENT_TOP900_NOT_HISTORICAL,true
2026-09-09,BUKA,PT Bukalapak.com Tbk,Teknologi,Perangkat Lunak & Jasa TI,73,true,true,AVAILABLE,ACTIVE_60D,TOP900_TRADEABLE_COMPOSITE,CURRENT_TOP900_NOT_HISTORICAL,true
2026-09-09,AKRA,PT AKR Corporindo Tbk.,Energi,"Minyak, Gas & Batu Bara",74,true,true,AVAILABLE,ACTIVE_60D,TOP900_TRADEABLE_COMPOSITE,CURRENT_TOP900_NOT_HISTORICAL,true
2026-09-09,GULA,PT Aman Agrindo Tbk,Barang Konsumen Primer,Makanan & Minuman,75,true,true,AVAILABLE,ACTIVE_60D,TOP900_TRADEABLE_COMPOSITE,CURRENT_TOP900_NOT_HISTORICAL,true
2026-09-09,EMTK,Elang Mahkota Teknologi Tbk,Teknologi,Perangkat Lunak & Jasa TI,76,true,true,AVAILABLE,ACTIVE_60D,TOP900_TRADEABLE_COMPOSITE,CURRENT_TOP900_NOT_HISTORICAL,true
2026-09-09,TKIM,Pabrik Kertas Tjiwi Kimia Tbk,Barang Baku,Barang Baku,77,true,true,AVAILABLE,ACTIVE_60D,TOP900_TRADEABLE_COMPOSITE,CURRENT_TOP900_NOT_HISTORICAL,true
2026-09-09,MTEL,PT Dayamitra Telekomunikasi Tbk,Infrastruktur,Telekomunikasi,78,true,true,AVAILABLE,ACTIVE_60D,TOP900_TRADEABLE_COMPOSITE,CURRENT_TOP900_NOT_HISTORICAL,true
2026-09-09,BBTN,PT Bank Tabungan Negara (Persero) Tbk,Keuangan,Bank,79,true,true,AVAILABLE,ACTIVE_60D,TOP900_TRADEABLE_COMPOSITE,CURRENT_TOP900_NOT_HISTORICAL,true
2026-09-09,PGEO,PT Pertamina Geothermal Energy Tbk,Infrastruktur,Utilitas,80,true,true,AVAILABLE,ACTIVE_60D,TOP900_TRADEABLE_COMPOSITE,CURRENT_TOP900_NOT_HISTORICAL,true
2026-09-09,COIN,PT Indokripto Koin Semesta Tbk,Keuangan,Perusahaan Holding & Investasi,81,true,true,AVAILABLE,ACTIVE_60D,TOP900_TRADEABLE_COMPOSITE,CURRENT_TOP900_NOT_HISTORICAL,true
2026-09-09,PACK,PT Abadi Nusantara Hijau Investama Tbk,Barang Baku,Barang Baku,82,true,true,AVAILABLE,ACTIVE_60D,TOP900_TRADEABLE_COMPOSITE,CURRENT_TOP900_NOT_HISTORICAL,true
2026-09-09,BFIN,BFI Finance Indonesia Tbk,Keuangan,Jasa Pembiayaan,83,true,true,AVAILABLE,ACTIVE_60D,TOP900_TRADEABLE_COMPOSITE,CURRENT_TOP900_NOT_HISTORICAL,true
2026-09-09,RMKE,PT RMK Energy Tbk,Energi,"Minyak, Gas & Batu Bara",84,true,true,AVAILABLE,ACTIVE_60D,TOP900_TRADEABLE_COMPOSITE,CURRENT_TOP900_NOT_HISTORICAL,true
2026-09-09,MARK,PT Mark Dynamics Indonesia Tbk.,Perindustrian,Barang Perindustrian,85,true,true,AVAILABLE,ACTIVE_60D,TOP900_TRADEABLE_COMPOSITE,CURRENT_TOP900_NOT_HISTORICAL,true
2026-09-09,PADI,Minna Padi Investama Sekuritas Tbk,Keuangan,Jasa Investasi,86,true,true,AVAILABLE,ACTIVE_60D,TOP900_TRADEABLE_COMPOSITE,CURRENT_TOP900_NOT_HISTORICAL,true
2026-09-09,EPAC,PT Megalestari Epack Sentosaraya Tbk.,Barang Baku,Barang Baku,87,true,true,AVAILABLE,ACTIVE_60D,TOP900_TRADEABLE_COMPOSITE,CURRENT_TOP900_NOT_HISTORICAL,true
2026-09-09,IMPC,PT Impack Pratama Industri Tbk,Perindustrian,Barang Perindustrian,88,true,true,AVAILABLE,ACTIVE_60D,TOP900_TRADEABLE_COMPOSITE,CURRENT_TOP900_NOT_HISTORICAL,true
2026-09-09,KETR,PT Ketrosden Triasmitra Tbk,Infrastruktur,Telekomunikasi,89,true,true,AVAILABLE,ACTIVE_60D,TOP900_TRADEABLE_COMPOSITE,CURRENT_TOP900_NOT_HISTORICAL,true
2026-09-09,CMNT,PT Cemindo Gemilang Tbk,Barang Baku,Barang Baku,90,true,true,AVAILABLE,ACTIVE_60D,TOP900_TRADEABLE_COMPOSITE,CURRENT_TOP900_NOT_HISTORICAL,true
2026-09-09,MDIA,PT Intermedia Capital Tbk.,Barang Konsumen Non-Primer,Media & Hiburan,91,true,true,AVAILABLE,ACTIVE_60D,TOP900_TRADEABLE_COMPOSITE,CURRENT_TOP900_NOT_HISTORICAL,true
2026-09-09,BWPT,Eagle High Plantations Tbk,Barang Konsumen Primer,Makanan & Minuman,92,true,true,AVAILABLE,ACTIVE_60D,TOP900_TRADEABLE_COMPOSITE,CURRENT_TOP900_NOT_HISTORICAL,true
2026-09-09,ELSA,Elnusa Tbk,Energi,"Minyak, Gas & Batu Bara",93,true,true,AVAILABLE,ACTIVE_60D,TOP900_TRADEABLE_COMPOSITE,CURRENT_TOP900_NOT_HISTORICAL,true
2026-09-09,EXCL,PT XLSMART Telecom Sejahtera Tbk,Infrastruktur,Telekomunikasi,94,true,true,AVAILABLE,ACTIVE_60D,TOP900_TRADEABLE_COMPOSITE,CURRENT_TOP900_NOT_HISTORICAL,true
2026-09-09,SGER,PT Sumber Global Energy Tbk.,Energi,"Minyak, Gas & Batu Bara",95,true,true,AVAILABLE,ACTIVE_60D,TOP900_TRADEABLE_COMPOSITE,CURRENT_TOP900_NOT_HISTORICAL,true
2026-09-09,MINA,PT Sanurhasta Mitra Tbk.,Barang Konsumen Non-Primer,Jasa Konsumen,96,true,true,AVAILABLE,ACTIVE_60D,TOP900_TRADEABLE_COMPOSITE,CURRENT_TOP900_NOT_HISTORICAL,true
2026-09-09,MYOR,Mayora Indah Tbk,Barang Konsumen Primer,Makanan & Minuman,97,true,true,AVAILABLE,ACTIVE_60D,TOP900_TRADEABLE_COMPOSITE,CURRENT_TOP900_NOT_HISTORICAL,true
2026-09-09,ARTO,PT Bank Jago Tbk.,Keuangan,Bank,98,true,true,AVAILABLE,ACTIVE_60D,TOP900_TRADEABLE_COMPOSITE,CURRENT_TOP900_NOT_HISTORICAL,true
2026-09-09,MAPA,PT Map Aktif Adiperkasa Tbk,Barang Konsumen Non-Primer,Perdagangan Ritel,99,true,true,AVAILABLE,ACTIVE_60D,TOP900_TRADEABLE_COMPOSITE,CURRENT_TOP900_NOT_HISTORICAL,true
2026-09-09,SINI,PT Singaraja Putra Tbk.,Perindustrian,Barang Perindustrian,100,true,true,AVAILABLE,ACTIVE_60D,TOP900_TRADEABLE_COMPOSITE,CURRENT_TOP900_NOT_HISTORICAL,true
2026-09-09,MSIN,PT MNC Digital Entertainment Tbk,Barang Konsumen Non-Primer,Media & Hiburan,101,true,true,AVAILABLE,ACTIVE_60D,TOP900_TRADEABLE_COMPOSITE,CURRENT_TOP900_NOT_HISTORICAL,true
2026-09-09,BKSL,Sentul City Tbk,Properti & Real Estat,Properti & Real Estat,102,true,true,AVAILABLE,ACTIVE_60D,TOP900_TRADEABLE_COMPOSITE,CURRENT_TOP900_NOT_HISTORICAL,true
2026-09-09,JSMR,PT Jasa Marga Tbk,Infrastruktur,Infrastruktur Transportasi,103,true,true,AVAILABLE,ACTIVE_60D,TOP900_TRADEABLE_COMPOSITE,CURRENT_TOP900_NOT_HISTORICAL,true
2026-09-09,CYBR,PT ITSEC Asia Tbk.,Teknologi,Perangkat Lunak & Jasa TI,104,true,true,AVAILABLE,ACTIVE_60D,TOP900_TRADEABLE_COMPOSITE,CURRENT_TOP900_NOT_HISTORICAL,true
2026-09-09,PIPA,PT Oxala Energy International Tbk,Perindustrian,Barang Perindustrian,105,true,true,AVAILABLE,ACTIVE_60D,TOP900_TRADEABLE_COMPOSITE,CURRENT_TOP900_NOT_HISTORICAL,true
2026-09-09,PWON,Pakuwon Jati Tbk,Properti & Real Estat,Properti & Real Estat,106,true,true,AVAILABLE,ACTIVE_60D,TOP900_TRADEABLE_COMPOSITE,CURRENT_TOP900_NOT_HISTORICAL,true
2026-09-09,NICL,PT PAM Mineral Tbk,Barang Baku,Barang Baku,107,true,true,AVAILABLE,ACTIVE_60D,TOP900_TRADEABLE_COMPOSITE,CURRENT_TOP900_NOT_HISTORICAL,true
2026-09-09,LSIP,PP London Sumatra Indonesia Tbk,Barang Konsumen Primer,Makanan & Minuman,108,true,true,AVAILABLE,ACTIVE_60D,TOP900_TRADEABLE_COMPOSITE,CURRENT_TOP900_NOT_HISTORICAL,true
2026-09-09,GIAA,Garuda Indonesia (Persero) Tbk,Transportasi & Logistik,Transportasi,109,true,true,AVAILABLE,ACTIVE_60D,TOP900_TRADEABLE_COMPOSITE,CURRENT_TOP900_NOT_HISTORICAL,true
2026-09-09,HATM,PT Habco Trans Maritima Tbk,Transportasi & Logistik,Logistik & Pengantaran,110,true,true,AVAILABLE,ACTIVE_60D,TOP900_TRADEABLE_COMPOSITE,CURRENT_TOP900_NOT_HISTORICAL,true
2026-09-09,HRUM,Harum Energy Tbk,Barang Baku,Barang Baku,111,true,true,AVAILABLE,ACTIVE_60D,TOP900_TRADEABLE_COMPOSITE,CURRENT_TOP900_NOT_HISTORICAL,true
2026-09-09,APIC,PACIFIC STRATEGIC FINANCIAL Tbk,Keuangan,Perusahaan Holding & Investasi,112,true,true,AVAILABLE,ACTIVE_60D,TOP900_TRADEABLE_COMPOSITE,CURRENT_TOP900_NOT_HISTORICAL,true
2026-09-09,HEAL,PT Medikaloka Hermina Tbk.,Kesehatan,Jasa & Peralatan Kesehatan,113,true,true,AVAILABLE,ACTIVE_60D,TOP900_TRADEABLE_COMPOSITE,CURRENT_TOP900_NOT_HISTORICAL,true
2026-09-09,KPIG,MNC Tourism Indonesia Tbk,Barang Konsumen Non-Primer,Jasa Konsumen,114,true,true,AVAILABLE,ACTIVE_60D,TOP900_TRADEABLE_COMPOSITE,CURRENT_TOP900_NOT_HISTORICAL,true
2026-09-09,FUTR,PT Futura Energi Global Tbk,Barang Konsumen Non-Primer,Media & Hiburan,115,true,true,AVAILABLE,ACTIVE_60D,TOP900_TRADEABLE_COMPOSITE,CURRENT_TOP900_NOT_HISTORICAL,true
2026-09-09,SMIL,PT Sarana Mitra Luas Tbk,Perindustrian,Barang Perindustrian,116,true,true,AVAILABLE,ACTIVE_60D,TOP900_TRADEABLE_COMPOSITE,CURRENT_TOP900_NOT_HISTORICAL,true
2026-09-09,JARR,PT Jhonlin Agro Raya Tbk,Barang Konsumen Primer,Makanan & Minuman,117,true,true,AVAILABLE,ACTIVE_60D,TOP900_TRADEABLE_COMPOSITE,CURRENT_TOP900_NOT_HISTORICAL,true
2026-09-09,BSDE,PT Bumi Serpong Damai Tbk,Properti & Real Estat,Properti & Real Estat,118,true,true,AVAILABLE,ACTIVE_60D,TOP900_TRADEABLE_COMPOSITE,CURRENT_TOP900_NOT_HISTORICAL,true
2026-09-09,MIKA,PT Mitra Keluarga Karyasehat Tbk.,Kesehatan,Jasa & Peralatan Kesehatan,119,true,true,AVAILABLE,ACTIVE_60D,TOP900_TRADEABLE_COMPOSITE,CURRENT_TOP900_NOT_HISTORICAL,true
2026-09-09,BAIK,PT Bersama Mencapai Puncak Tbk.,Barang Konsumen Non-Primer,Jasa Konsumen,120,true,true,AVAILABLE,ACTIVE_60D,TOP900_TRADEABLE_COMPOSITE,CURRENT_TOP900_NOT_HISTORICAL,true
2026-09-09,SSMS,PT Sawit Sumbermas Sarana Tbk.,Barang Konsumen Primer,Makanan & Minuman,121,true,true,AVAILABLE,ACTIVE_60D,TOP900_TRADEABLE_COMPOSITE,CURRENT_TOP900_NOT_HISTORICAL,true
2026-09-09,HMSP,HM Sampoerna Tbk,Barang Konsumen Primer,Rokok,122,true,true,AVAILABLE,ACTIVE_60D,TOP900_TRADEABLE_COMPOSITE,CURRENT_TOP900_NOT_HISTORICAL,true
2026-09-09,OASA,PT Maharaksa Biru Energi Tbk,Infrastruktur,Telekomunikasi,123,true,true,AVAILABLE,ACTIVE_60D,TOP900_TRADEABLE_COMPOSITE,CURRENT_TOP900_NOT_HISTORICAL,true
2026-09-09,MMIX,PT Multi Medika Internasional Tbk,Kesehatan,Jasa & Peralatan Kesehatan,124,true,true,AVAILABLE,ACTIVE_60D,TOP900_TRADEABLE_COMPOSITE,CURRENT_TOP900_NOT_HISTORICAL,true
2026-09-09,AALI,Astra Agro Lestari Tbk,Barang Konsumen Primer,Makanan & Minuman,125,true,true,AVAILABLE,ACTIVE_60D,TOP900_TRADEABLE_COMPOSITE,CURRENT_TOP900_NOT_HISTORICAL,true
2026-09-09,ESIP,PT Sinergi Inti Plastindo Tbk.,Barang Baku,Barang Baku,126,true,true,AVAILABLE,ACTIVE_60D,TOP900_TRADEABLE_COMPOSITE,CURRENT_TOP900_NOT_HISTORICAL,true
2026-09-09,IRSX,PT Folago Global Nusantara Tbk,Teknologi,Perangkat Lunak & Jasa TI,127,true,true,AVAILABLE,ACTIVE_60D,TOP900_TRADEABLE_COMPOSITE,CURRENT_TOP900_NOT_HISTORICAL,true
2026-09-09,PADA,PT Personel Alih Daya Tbk,Perindustrian,Jasa Perindustrian,128,true,true,AVAILABLE,ACTIVE_60D,TOP900_TRADEABLE_COMPOSITE,CURRENT_TOP900_NOT_HISTORICAL,true
2026-09-09,CMRY,PT Cisarua Mountain Dairy Tbk,Barang Konsumen Primer,Makanan & Minuman,129,true,true,AVAILABLE,ACTIVE_60D,TOP900_TRADEABLE_COMPOSITE,CURRENT_TOP900_NOT_HISTORICAL,true
2026-09-09,RGAS,PT Kian Santang Muliatama Tbk.,Energi,"Minyak, Gas & Batu Bara",130,true,true,AVAILABLE,ACTIVE_60D,TOP900_TRADEABLE_COMPOSITE,CURRENT_TOP900_NOT_HISTORICAL,true
2026-09-09,GMFI,PT Garuda Maintenance Facility Aero Asia Tbk.,Infrastruktur,Infrastruktur Transportasi,131,true,true,AVAILABLE,ACTIVE_60D,TOP900_TRADEABLE_COMPOSITE,CURRENT_TOP900_NOT_HISTORICAL,true
2026-09-09,AYAM,PT Janu Putra Sejahtera Tbk.,Barang Konsumen Primer,Makanan & Minuman,132,true,true,AVAILABLE,ACTIVE_60D,TOP900_TRADEABLE_COMPOSITE,CURRENT_TOP900_NOT_HISTORICAL,true
2026-09-09,GPSO,PT Geoprima Solusi Tbk,Perindustrian,Barang Perindustrian,133,true,true,AVAILABLE,ACTIVE_60D,TOP900_TRADEABLE_COMPOSITE,CURRENT_TOP900_NOT_HISTORICAL,true
2026-09-09,UVCR,PT Trimegah Karya Pratama Tbk.,Teknologi,Perangkat Lunak & Jasa TI,134,true,true,AVAILABLE,ACTIVE_60D,TOP900_TRADEABLE_COMPOSITE,CURRENT_TOP900_NOT_HISTORICAL,true
2026-09-09,SCMA,Surya Citra Media Tbk,Barang Konsumen Non-Primer,Media & Hiburan,135,true,true,AVAILABLE,ACTIVE_60D,TOP900_TRADEABLE_COMPOSITE,CURRENT_TOP900_NOT_HISTORICAL,true
2026-09-09,FILM,PT MD Entertainment Tbk,Barang Konsumen Non-Primer,Media & Hiburan,136,true,true,AVAILABLE,ACTIVE_60D,TOP900_TRADEABLE_COMPOSITE,CURRENT_TOP900_NOT_HISTORICAL,true
2026-09-09,ARKO,PT Arkora Hydro Tbk.,Infrastruktur,Utilitas,137,true,true,AVAILABLE,ACTIVE_60D,TOP900_TRADEABLE_COMPOSITE,CURRENT_TOP900_NOT_HISTORICAL,true
2026-09-09,CTRA,Ciputra Development Tbk,Properti & Real Estat,Properti & Real Estat,138,true,true,AVAILABLE,ACTIVE_60D,TOP900_TRADEABLE_COMPOSITE,CURRENT_TOP900_NOT_HISTORICAL,true
2026-09-09,GPRA,Perdana Gapura Prima Tbk,Properti & Real Estat,Properti & Real Estat,139,true,true,AVAILABLE,ACTIVE_60D,TOP900_TRADEABLE_COMPOSITE,CURRENT_TOP900_NOT_HISTORICAL,true
2026-09-09,LPKR,Lippo Karawaci Tbk,Properti & Real Estat,Properti & Real Estat,140,true,true,AVAILABLE,ACTIVE_60D,TOP900_TRADEABLE_COMPOSITE,CURRENT_TOP900_NOT_HISTORICAL,true
2026-09-09,SIDO,PT Industri Jamu Dan Farmasi Sido Muncul Tbk,Kesehatan,Farmasi & Riset Kesehatan,141,true,true,AVAILABLE,ACTIVE_60D,TOP900_TRADEABLE_COMPOSITE,CURRENT_TOP900_NOT_HISTORICAL,true
2026-09-09,ASPR,PT Asia Pramulia Tbk,Barang Baku,Barang Baku,142,true,true,AVAILABLE,ACTIVE_60D,TOP900_TRADEABLE_COMPOSITE,CURRENT_TOP900_NOT_HISTORICAL,true
2026-09-09,PPRE,PT PP Presisi Tbk.,Infrastruktur,Konstruksi Bangunan,143,true,true,AVAILABLE,ACTIVE_60D,TOP900_TRADEABLE_COMPOSITE,CURRENT_TOP900_NOT_HISTORICAL,true
2026-09-09,APLN,PT Agung Podomoro Land Tbk.,Properti & Real Estat,Properti & Real Estat,144,true,true,AVAILABLE,ACTIVE_60D,TOP900_TRADEABLE_COMPOSITE,CURRENT_TOP900_NOT_HISTORICAL,true
2026-09-09,SRTG,PT Saratoga Investama Sedaya Tbk.,Keuangan,Perusahaan Holding & Investasi,145,true,true,AVAILABLE,ACTIVE_60D,TOP900_TRADEABLE_COMPOSITE,CURRENT_TOP900_NOT_HISTORICAL,true
2026-09-09,NTBK,PT Nusatama Berkah Tbk,Perindustrian,Barang Perindustrian,146,true,true,AVAILABLE,ACTIVE_60D,TOP900_TRADEABLE_COMPOSITE,CURRENT_TOP900_NOT_HISTORICAL,true
2026-09-09,MEDS,PT Hetzer Medical Indonesia Tbk,Kesehatan,Jasa & Peralatan Kesehatan,147,true,true,AVAILABLE,ACTIVE_60D,TOP900_TRADEABLE_COMPOSITE,CURRENT_TOP900_NOT_HISTORICAL,true
2026-09-09,WMUU,PT Widodo Makmur Unggas Tbk,Barang Konsumen Primer,Makanan & Minuman,148,true,true,AVAILABLE,ACTIVE_60D,TOP900_TRADEABLE_COMPOSITE,CURRENT_TOP900_NOT_HISTORICAL,true
2026-09-09,INTP,Indocement Tunggal Prakarsa Tbk,Barang Baku,Barang Baku,149,true,true,AVAILABLE,ACTIVE_60D,TOP900_TRADEABLE_COMPOSITE,CURRENT_TOP900_NOT_HISTORICAL,true
2026-09-09,CBDK,PT Bangun Kosambi Sukses Tbk,Properti & Real Estat,Properti & Real Estat,150,true,true,AVAILABLE,ACTIVE_60D,TOP900_TRADEABLE_COMPOSITE,CURRENT_TOP900_NOT_HISTORICAL,true
2026-09-09,OMED,PT Jayamas Medica Industri Tbk,Kesehatan,Jasa & Peralatan Kesehatan,151,true,true,AVAILABLE,ACTIVE_60D,TOP900_TRADEABLE_COMPOSITE,CURRENT_TOP900_NOT_HISTORICAL,true
2026-09-09,AUTO,Astra Otoparts Tbk,Barang Konsumen Non-Primer,Otomotif & Komponen Otomotif,152,true,true,AVAILABLE,ACTIVE_60D,TOP900_TRADEABLE_COMPOSITE,CURRENT_TOP900_NOT_HISTORICAL,true
2026-09-09,DEWI,PT Dewi Shri Farmindo Tbk,Barang Konsumen Primer,Makanan & Minuman,153,true,true,AVAILABLE,ACTIVE_60D,TOP900_TRADEABLE_COMPOSITE,CURRENT_TOP900_NOT_HISTORICAL,true
2026-09-09,SRSN,Indo Acidatama Tbk,Barang Baku,Barang Baku,154,true,true,AVAILABLE,ACTIVE_60D,TOP900_TRADEABLE_COMPOSITE,CURRENT_TOP900_NOT_HISTORICAL,true
2026-09-09,CBRE,PT Cakra Buana Resources Energi Tbk,Energi,"Minyak, Gas & Batu Bara",155,true,true,AVAILABLE,ACTIVE_60D,TOP900_TRADEABLE_COMPOSITE,CURRENT_TOP900_NOT_HISTORICAL,true
2026-09-09,BDMN,PT Bank Danamon Indonesia Tbk,Keuangan,Bank,156,true,true,AVAILABLE,ACTIVE_60D,TOP900_TRADEABLE_COMPOSITE,CURRENT_TOP900_NOT_HISTORICAL,true
2026-09-09,TEBE,PT Dana Brata Luhur Tbk.,Energi,"Minyak, Gas & Batu Bara",157,true,true,AVAILABLE,ACTIVE_60D,TOP900_TRADEABLE_COMPOSITE,CURRENT_TOP900_NOT_HISTORICAL,true
2026-09-09,DSNG,PT Dharma Satya Nusantara Tbk.,Barang Konsumen Primer,Makanan & Minuman,158,true,true,AVAILABLE,ACTIVE_60D,TOP900_TRADEABLE_COMPOSITE,CURRENT_TOP900_NOT_HISTORICAL,true
2026-09-09,DOOH,PT Era Media Sejahtera Tbk,Barang Konsumen Non-Primer,Media & Hiburan,159,true,true,AVAILABLE,ACTIVE_60D,TOP900_TRADEABLE_COMPOSITE,CURRENT_TOP900_NOT_HISTORICAL,true
2026-09-09,KEEN,PT Kencana Energi Lestari Tbk.,Infrastruktur,Utilitas,160,true,true,AVAILABLE,ACTIVE_60D,TOP900_TRADEABLE_COMPOSITE,CURRENT_TOP900_NOT_HISTORICAL,true
2026-09-09,MLPT,PT Multipolar Technology Tbk.,Teknologi,Perangkat Lunak & Jasa TI,161,true,true,AVAILABLE,ACTIVE_60D,TOP900_TRADEABLE_COMPOSITE,CURRENT_TOP900_NOT_HISTORICAL,true
2026-09-09,NSSS,PT Nusantara Sawit Sejahtera Tbk,Barang Konsumen Primer,Makanan & Minuman,162,true,true,AVAILABLE,ACTIVE_60D,TOP900_TRADEABLE_COMPOSITE,CURRENT_TOP900_NOT_HISTORICAL,true
2026-09-09,TOBA,PT TBS Energi Utama Tbk,Energi,"Minyak, Gas & Batu Bara",163,true,true,AVAILABLE,ACTIVE_60D,TOP900_TRADEABLE_COMPOSITE,CURRENT_TOP900_NOT_HISTORICAL,true
2026-09-09,HOPE,PT Harapan Duta Pertiwi Tbk.,Perindustrian,Barang Perindustrian,164,true,true,AVAILABLE,ACTIVE_60D,TOP900_TRADEABLE_COMPOSITE,CURRENT_TOP900_NOT_HISTORICAL,true
2026-09-09,BYAN,Bayan Resources Tbk,Energi,"Minyak, Gas & Batu Bara",165,true,true,AVAILABLE,ACTIVE_60D,TOP900_TRADEABLE_COMPOSITE,CURRENT_TOP900_NOT_HISTORICAL,true
2026-09-09,BBYB,PT Bank Neo Commerce Tbk.,Keuangan,Bank,166,true,true,AVAILABLE,ACTIVE_60D,TOP900_TRADEABLE_COMPOSITE,CURRENT_TOP900_NOT_HISTORICAL,true
2026-09-09,BSML,PT Bintang Samudera Mandiri Lines Tbk,Energi,"Minyak, Gas & Batu Bara",167,true,true,AVAILABLE,ACTIVE_60D,TOP900_TRADEABLE_COMPOSITE,CURRENT_TOP900_NOT_HISTORICAL,true
2026-09-09,SQMI,Wilton Makmur Indonesia Tbk,Barang Baku,Barang Baku,168,true,true,AVAILABLE,ACTIVE_60D,TOP900_TRADEABLE_COMPOSITE,CURRENT_TOP900_NOT_HISTORICAL,true
2026-09-09,SUPA,PT Super Bank Indonesia Tbk,Keuangan,Bank,169,true,true,AVAILABLE,ACTIVE_60D,TOP900_TRADEABLE_COMPOSITE,CURRENT_TOP900_NOT_HISTORICAL,true
2026-09-09,FAST,PT Fast Food Indonesia Tbk,Barang Konsumen Non-Primer,Jasa Konsumen,170,true,true,AVAILABLE,ACTIVE_60D,TOP900_TRADEABLE_COMPOSITE,CURRENT_TOP900_NOT_HISTORICAL,true
2026-09-09,ACES,PT Aspirasi Hidup Indonesia Tbk,Barang Konsumen Non-Primer,Perdagangan Ritel,171,true,true,AVAILABLE,ACTIVE_60D,TOP900_TRADEABLE_COMPOSITE,CURRENT_TOP900_NOT_HISTORICAL,true
2026-09-09,RSCH,PT Charlie Hospital Semarang Tbk.,Kesehatan,Jasa & Peralatan Kesehatan,172,true,true,AVAILABLE,ACTIVE_60D,TOP900_TRADEABLE_COMPOSITE,CURRENT_TOP900_NOT_HISTORICAL,true
2026-09-09,GTSI,PT GTS Internasional Tbk,Energi,"Minyak, Gas & Batu Bara",173,true,true,AVAILABLE,ACTIVE_60D,TOP900_TRADEABLE_COMPOSITE,CURRENT_TOP900_NOT_HISTORICAL,true
2026-09-09,GJTL,Gajah Tunggal Tbk,Barang Konsumen Non-Primer,Otomotif & Komponen Otomotif,174,true,true,AVAILABLE,ACTIVE_60D,TOP900_TRADEABLE_COMPOSITE,CURRENT_TOP900_NOT_HISTORICAL,true
2026-09-09,SLIS,PT Gaya Abadi Sempurna Tbk,Barang Konsumen Non-Primer,Perdagangan Ritel,175,true,true,AVAILABLE,ACTIVE_60D,TOP900_TRADEABLE_COMPOSITE,CURRENT_TOP900_NOT_HISTORICAL,true
2026-09-09,SIMP,Salim Ivomas Pratama Tbk,Barang Konsumen Primer,Makanan & Minuman,176,true,true,AVAILABLE,ACTIVE_60D,TOP900_TRADEABLE_COMPOSITE,CURRENT_TOP900_NOT_HISTORICAL,true
2026-09-09,MSJA,PT Multi Spunindo Jaya Tbk.,Barang Konsumen Primer,Produk Rumah Tangga Tidak Tahan Lama,177,true,true,AVAILABLE,ACTIVE_60D,TOP900_TRADEABLE_COMPOSITE,CURRENT_TOP900_NOT_HISTORICAL,true
2026-09-09,PNLF,Panin Financial Tbk,Keuangan,Asuransi,178,true,true,AVAILABLE,ACTIVE_60D,TOP900_TRADEABLE_COMPOSITE,CURRENT_TOP900_NOT_HISTORICAL,true
2026-09-09,FORE,PT Fore Kopi Indonesia Tbk,Barang Konsumen Primer,Makanan & Minuman,179,true,true,AVAILABLE,ACTIVE_60D,TOP900_TRADEABLE_COMPOSITE,CURRENT_TOP900_NOT_HISTORICAL,true
2026-09-09,YELO,PT Yelooo Integra Datanet Tbk.,Barang Konsumen Non-Primer,Perdagangan Ritel,180,true,true,AVAILABLE,ACTIVE_60D,TOP900_TRADEABLE_COMPOSITE,CURRENT_TOP900_NOT_HISTORICAL,true
2026-09-09,MNCN,Media Nusantara Citra Tbk,Barang Konsumen Non-Primer,Media & Hiburan,181,true,true,AVAILABLE,ACTIVE_60D,TOP900_TRADEABLE_COMPOSITE,CURRENT_TOP900_NOT_HISTORICAL,true
2026-09-09,LUCY,PT Lima Dua Lima Tiga Tbk,Barang Konsumen Non-Primer,Jasa Konsumen,182,true,true,AVAILABLE,ACTIVE_60D,TOP900_TRADEABLE_COMPOSITE,CURRENT_TOP900_NOT_HISTORICAL,true
2026-09-09,LAND,PT Trimitra Propertindo Tbk.,Properti & Real Estat,Properti & Real Estat,183,true,true,AVAILABLE,ACTIVE_60D,TOP900_TRADEABLE_COMPOSITE,CURRENT_TOP900_NOT_HISTORICAL,true
2026-09-09,WBSA,PT BSA Logistics Indonesia Tbk,Transportasi & Logistik,Logistik & Pengantaran,184,true,true,AVAILABLE,ACTIVE_60D,TOP900_TRADEABLE_COMPOSITE,CURRENT_TOP900_NOT_HISTORICAL,true
2026-09-09,WIRG,PT WIR ASIA Tbk,Teknologi,Perangkat Lunak & Jasa TI,185,true,true,AVAILABLE,ACTIVE_60D,TOP900_TRADEABLE_COMPOSITE,CURRENT_TOP900_NOT_HISTORICAL,true
2026-09-09,RBMS,Ristia Bintang Mahkotasejati Tbk,Properti & Real Estat,Properti & Real Estat,186,true,true,AVAILABLE,ACTIVE_60D,TOP900_TRADEABLE_COMPOSITE,CURRENT_TOP900_NOT_HISTORICAL,true
2026-09-09,SMRA,PT Summarecon Agung Tbk,Properti & Real Estat,Properti & Real Estat,187,true,true,AVAILABLE,ACTIVE_60D,TOP900_TRADEABLE_COMPOSITE,CURRENT_TOP900_NOT_HISTORICAL,true
2026-09-09,BBHI,PT Allo Bank Indonesia Tbk,Keuangan,Bank,188,true,true,AVAILABLE,ACTIVE_60D,TOP900_TRADEABLE_COMPOSITE,CURRENT_TOP900_NOT_HISTORICAL,true
2026-09-09,DATA,PT Remala Abadi Tbk,Infrastruktur,Telekomunikasi,189,true,true,AVAILABLE,ACTIVE_60D,TOP900_TRADEABLE_COMPOSITE,CURRENT_TOP900_NOT_HISTORICAL,true
2026-09-09,GZCO,Gozco Plantations Tbk,Barang Konsumen Primer,Makanan & Minuman,190,true,true,AVAILABLE,ACTIVE_60D,TOP900_TRADEABLE_COMPOSITE,CURRENT_TOP900_NOT_HISTORICAL,true
2026-09-09,STAA,PT Sumber Tani Agung Resources Tbk,Barang Konsumen Primer,Makanan & Minuman,191,true,true,AVAILABLE,ACTIVE_60D,TOP900_TRADEABLE_COMPOSITE,CURRENT_TOP900_NOT_HISTORICAL,true
2026-09-09,KOKA,PT Koka Indonesia Tbk.,Infrastruktur,Konstruksi Bangunan,192,true,true,AVAILABLE,ACTIVE_60D,TOP900_TRADEABLE_COMPOSITE,CURRENT_TOP900_NOT_HISTORICAL,true
2026-09-09,SOCI,PT Soechi Lines Tbk.,Energi,"Minyak, Gas & Batu Bara",193,true,true,AVAILABLE,ACTIVE_60D,TOP900_TRADEABLE_COMPOSITE,CURRENT_TOP900_NOT_HISTORICAL,true
2026-09-09,BSSR,Baramulti Suksessarana Tbk,Energi,"Minyak, Gas & Batu Bara",194,true,true,AVAILABLE,ACTIVE_60D,TOP900_TRADEABLE_COMPOSITE,CURRENT_TOP900_NOT_HISTORICAL,true
2026-09-09,KBLV,First Media Tbk,Infrastruktur,Telekomunikasi,195,true,true,AVAILABLE,ACTIVE_60D,TOP900_TRADEABLE_COMPOSITE,CURRENT_TOP900_NOT_HISTORICAL,true
2026-09-09,ICON,Island Concepts Indonesia Tbk,Perindustrian,Jasa Perindustrian,196,true,true,AVAILABLE,ACTIVE_60D,TOP900_TRADEABLE_COMPOSITE,CURRENT_TOP900_NOT_HISTORICAL,true
2026-09-09,HUMI,PT Humpuss Maritim Internasional Tbk,Energi,"Minyak, Gas & Batu Bara",197,true,true,AVAILABLE,ACTIVE_60D,TOP900_TRADEABLE_COMPOSITE,CURRENT_TOP900_NOT_HISTORICAL,true
2026-09-09,INDO,PT Royalindo Investa Wijaya Tbk,Properti & Real Estat,Properti & Real Estat,198,true,true,AVAILABLE,ACTIVE_60D,TOP900_TRADEABLE_COMPOSITE,CURRENT_TOP900_NOT_HISTORICAL,true
2026-09-09,TMPO,Tempo Inti Media Tbk,Barang Konsumen Non-Primer,Media & Hiburan,199,true,true,AVAILABLE,ACTIVE_60D,TOP900_TRADEABLE_COMPOSITE,CURRENT_TOP900_NOT_HISTORICAL,true
2026-09-09,GOTO,PT GoTo Gojek Tokopedia Tbk,Teknologi,Perangkat Lunak & Jasa TI,200,true,true,AVAILABLE,ACTIVE_60D,TOP900_TRADEABLE_COMPOSITE,CURRENT_TOP900_NOT_HISTORICAL,true
2026-09-09,ZATA,PT Bersama Zatta Jaya Tbk,Barang Konsumen Non-Primer,Perdagangan Ritel,201,true,true,AVAILABLE,ACTIVE_60D,TOP900_TRADEABLE_COMPOSITE,CURRENT_TOP900_NOT_HISTORICAL,true
2026-09-09,BMTR,PT Global Mediacom Tbk,Barang Konsumen Non-Primer,Media & Hiburan,202,true,true,AVAILABLE,ACTIVE_60D,TOP900_TRADEABLE_COMPOSITE,CURRENT_TOP900_NOT_HISTORICAL,true
2026-09-09,POWR,PT Cikarang Listrindo Tbk.,Infrastruktur,Utilitas,203,true,true,AVAILABLE,ACTIVE_60D,TOP900_TRADEABLE_COMPOSITE,CURRENT_TOP900_NOT_HISTORICAL,true
2026-09-09,MGLV,PT NexAI Digital Infrastruktur Tbk,Barang Konsumen Non-Primer,Barang Rumah Tangga,204,true,true,AVAILABLE,ACTIVE_60D,TOP900_TRADEABLE_COMPOSITE,CURRENT_TOP900_NOT_HISTORICAL,true
2026-09-09,ASSA,Adi Sarana Armada Tbk,Transportasi & Logistik,Transportasi,205,true,true,AVAILABLE,ACTIVE_60D,TOP900_TRADEABLE_COMPOSITE,CURRENT_TOP900_NOT_HISTORICAL,true
2026-09-09,BEEF,PT Estika Tata Tiara Tbk.,Barang Konsumen Primer,Makanan & Minuman,206,true,true,AVAILABLE,ACTIVE_60D,TOP900_TRADEABLE_COMPOSITE,CURRENT_TOP900_NOT_HISTORICAL,true
2026-09-09,KKES,PT Kusuma Kemindo Sentosa Tbk,Barang Baku,Barang Baku,207,true,true,AVAILABLE,ACTIVE_60D,TOP900_TRADEABLE_COMPOSITE,CURRENT_TOP900_NOT_HISTORICAL,true
2026-09-09,AVIA,PT Avia Avian Tbk,Barang Baku,Barang Baku,208,true,true,AVAILABLE,ACTIVE_60D,TOP900_TRADEABLE_COMPOSITE,CURRENT_TOP900_NOT_HISTORICAL,true
2026-09-09,NZIA,"PT Nusantara Almazia, Tbk.",Properti & Real Estat,Properti & Real Estat,209,true,true,AVAILABLE,ACTIVE_60D,TOP900_TRADEABLE_COMPOSITE,CURRENT_TOP900_NOT_HISTORICAL,true
2026-09-09,FPNI,PT Lotte Chemical Titan Tbk.,Barang Baku,Barang Baku,210,true,true,AVAILABLE,ACTIVE_60D,TOP900_TRADEABLE_COMPOSITE,CURRENT_TOP900_NOT_HISTORICAL,true
2026-09-09,KAQI,PT Jantra Grupo Indonesia Tbk,Barang Konsumen Non-Primer,Otomotif & Komponen Otomotif,211,true,true,AVAILABLE,ACTIVE_60D,TOP900_TRADEABLE_COMPOSITE,CURRENT_TOP900_NOT_HISTORICAL,true
2026-09-09,DKFT,Central Omega Resources Tbk,Barang Baku,Barang Baku,212,true,true,AVAILABLE,ACTIVE_60D,TOP900_TRADEABLE_COMPOSITE,CURRENT_TOP900_NOT_HISTORICAL,true
2026-09-09,TOOL,PT Rohartindo Nusantara Luas Tbk,Barang Konsumen Non-Primer,Perdagangan Ritel,213,true,true,AVAILABLE,ACTIVE_60D,TOP900_TRADEABLE_COMPOSITE,CURRENT_TOP900_NOT_HISTORICAL,true
2026-09-09,ELIT,PT Data Sinergitama Jaya Tbk,Teknologi,Perangkat Lunak & Jasa TI,214,true,true,AVAILABLE,ACTIVE_60D,TOP900_TRADEABLE_COMPOSITE,CURRENT_TOP900_NOT_HISTORICAL,true
2026-09-09,MBSS,Mitrabahtera Segara Sejati Tbk,Energi,"Minyak, Gas & Batu Bara",215,true,true,AVAILABLE,ACTIVE_60D,TOP900_TRADEABLE_COMPOSITE,CURRENT_TOP900_NOT_HISTORICAL,true
2026-09-09,REAL,PT Repower Asia Indonesia Tbk.,Properti & Real Estat,Properti & Real Estat,216,true,true,AVAILABLE,ACTIVE_60D,TOP900_TRADEABLE_COMPOSITE,CURRENT_TOP900_NOT_HISTORICAL,true
2026-09-09,OILS,PT Indo Oil Perkasa Tbk,Barang Konsumen Primer,Makanan & Minuman,217,true,true,AVAILABLE,ACTIVE_60D,TOP900_TRADEABLE_COMPOSITE,CURRENT_TOP900_NOT_HISTORICAL,true
2026-09-09,PKPK,Paragon Karya Perkasa Tbk,Energi,"Minyak, Gas & Batu Bara",218,true,true,AVAILABLE,ACTIVE_60D,TOP900_TRADEABLE_COMPOSITE,CURRENT_TOP900_NOT_HISTORICAL,true
2026-09-09,SDMU,Sidomulyo Selaras Tbk,Transportasi & Logistik,Logistik & Pengantaran,219,true,true,AVAILABLE,ACTIVE_60D,TOP900_TRADEABLE_COMPOSITE,CURRENT_TOP900_NOT_HISTORICAL,true
2026-09-09,BACH,PT Bach Multi Global Tbk,Perindustrian,Jasa Perindustrian,220,true,false,STALE,ACTIVE_60D,TOP900_TRADEABLE_COMPOSITE,CURRENT_TOP900_NOT_HISTORICAL,true
2026-09-09,LAJU,PT Jasa Berdikari Logistics Tbk,Transportasi & Logistik,Logistik & Pengantaran,221,true,true,AVAILABLE,ACTIVE_60D,TOP900_TRADEABLE_COMPOSITE,CURRENT_TOP900_NOT_HISTORICAL,true
2026-09-09,SMSM,Selamat Sempurna Tbk,Barang Konsumen Non-Primer,Otomotif & Komponen Otomotif,222,true,true,AVAILABLE,ACTIVE_60D,TOP900_TRADEABLE_COMPOSITE,CURRENT_TOP900_NOT_HISTORICAL,true
2026-09-09,NISP,PT Bank OCBC NISP Tbk,Keuangan,Bank,223,true,true,AVAILABLE,ACTIVE_60D,TOP900_TRADEABLE_COMPOSITE,CURRENT_TOP900_NOT_HISTORICAL,true
2026-09-09,NETV,PT MDTV Media Technologies Tbk,Barang Konsumen Non-Primer,Media & Hiburan,224,true,true,AVAILABLE,ACTIVE_60D,TOP900_TRADEABLE_COMPOSITE,CURRENT_TOP900_NOT_HISTORICAL,true
2026-09-09,TOTL,Total Bangun Persada Tbk,Infrastruktur,Konstruksi Bangunan,225,true,true,AVAILABLE,ACTIVE_60D,TOP900_TRADEABLE_COMPOSITE,CURRENT_TOP900_NOT_HISTORICAL,true
2026-09-09,DGWG,PT Delta Giri Wacana Tbk,Barang Baku,Barang Baku,226,true,true,AVAILABLE,ACTIVE_60D,TOP900_TRADEABLE_COMPOSITE,CURRENT_TOP900_NOT_HISTORICAL,true
2026-09-09,BANK,PT Bank Aladin Syariah Tbk,Keuangan,Bank,227,true,true,AVAILABLE,ACTIVE_60D,TOP900_TRADEABLE_COMPOSITE,CURRENT_TOP900_NOT_HISTORICAL,true
2026-09-09,PYFA,PT Pyridam Farma Tbk,Kesehatan,Farmasi & Riset Kesehatan,228,true,true,AVAILABLE,ACTIVE_60D,TOP900_TRADEABLE_COMPOSITE,CURRENT_TOP900_NOT_HISTORICAL,true
2026-09-09,LEAD,PT Logindo Samudramakmur Tbk.,Energi,"Minyak, Gas & Batu Bara",229,true,true,AVAILABLE,ACTIVE_60D,TOP900_TRADEABLE_COMPOSITE,CURRENT_TOP900_NOT_HISTORICAL,true
2026-09-09,BNGA,PT Bank CIMB Niaga Tbk,Keuangan,Bank,230,true,true,AVAILABLE,ACTIVE_60D,TOP900_TRADEABLE_COMPOSITE,CURRENT_TOP900_NOT_HISTORICAL,true
2026-09-09,APEX,Apexindo Pratama Duta Tbk,Energi,"Minyak, Gas & Batu Bara",231,true,true,AVAILABLE,ACTIVE_60D,TOP900_TRADEABLE_COMPOSITE,CURRENT_TOP900_NOT_HISTORICAL,true
2026-09-09,NEST,PT Esta Indonesia Tbk,Barang Konsumen Primer,Makanan & Minuman,232,true,true,AVAILABLE,ACTIVE_60D,TOP900_TRADEABLE_COMPOSITE,CURRENT_TOP900_NOT_HISTORICAL,true
2026-09-09,RANS,PT Rans Entertainmen Indonesia Tbk,Barang Konsumen Non-Primer,Media & Hiburan,233,true,false,STALE,ACTIVE_60D,TOP900_TRADEABLE_COMPOSITE,CURRENT_TOP900_NOT_HISTORICAL,true
2026-09-09,BBKP,PT Bank KB Indonesia Tbk,Keuangan,Bank,234,true,true,AVAILABLE,ACTIVE_60D,TOP900_TRADEABLE_COMPOSITE,CURRENT_TOP900_NOT_HISTORICAL,true
2026-09-09,BEST,Bekasi Fajar Industrial Estate Tbk,Properti & Real Estat,Properti & Real Estat,235,true,true,AVAILABLE,ACTIVE_60D,TOP900_TRADEABLE_COMPOSITE,CURRENT_TOP900_NOT_HISTORICAL,true
2026-09-09,JAST,PT Jasnita Telekomindo Tbk.,Infrastruktur,Telekomunikasi,236,true,true,AVAILABLE,ACTIVE_60D,TOP900_TRADEABLE_COMPOSITE,CURRENT_TOP900_NOT_HISTORICAL,true
2026-09-09,BELL,PT Trisula Textile Industries Tbk,Barang Konsumen Non-Primer,Pakaian & Barang Mewah,237,true,true,AVAILABLE,ACTIVE_60D,TOP900_TRADEABLE_COMPOSITE,CURRENT_TOP900_NOT_HISTORICAL,true
2026-09-09,KUAS,PT Ace Oldfields Tbk,Perindustrian,Barang Perindustrian,238,true,true,AVAILABLE,ACTIVE_60D,TOP900_TRADEABLE_COMPOSITE,CURRENT_TOP900_NOT_HISTORICAL,true
2026-09-09,IOTF,PT Sumber Sinergi Makmur Tbk,Teknologi,Perangkat Keras & Peralatan Teknologi,239,true,true,AVAILABLE,ACTIVE_60D,TOP900_TRADEABLE_COMPOSITE,CURRENT_TOP900_NOT_HISTORICAL,true
2026-09-09,BAPA,Bekasi Asri Pemula Tbk,Properti & Real Estat,Properti & Real Estat,240,true,true,AVAILABLE,ACTIVE_60D,TOP900_TRADEABLE_COMPOSITE,CURRENT_TOP900_NOT_HISTORICAL,true
2026-09-09,FORU,Fortune Indonesia Tbk,Barang Konsumen Non-Primer,Media & Hiburan,241,true,true,AVAILABLE,ACTIVE_60D,TOP900_TRADEABLE_COMPOSITE,CURRENT_TOP900_NOT_HISTORICAL,true
2026-09-09,PTMP,PT Mitra Pack Tbk.,Perindustrian,Barang Perindustrian,242,true,true,AVAILABLE,ACTIVE_60D,TOP900_TRADEABLE_COMPOSITE,CURRENT_TOP900_NOT_HISTORICAL,true
2026-09-09,ASLI,PT Asri Karya Lestari Tbk.,Infrastruktur,Konstruksi Bangunan,243,true,true,AVAILABLE,ACTIVE_60D,TOP900_TRADEABLE_COMPOSITE,CURRENT_TOP900_NOT_HISTORICAL,true
2026-09-09,KIOS,PT Kioson Komersial Indonesia Tbk.,Teknologi,Perangkat Lunak & Jasa TI,244,true,true,AVAILABLE,ACTIVE_60D,TOP900_TRADEABLE_COMPOSITE,CURRENT_TOP900_NOT_HISTORICAL,true
2026-09-09,SMDR,Samudera Indonesia Tbk,Transportasi & Logistik,Logistik & Pengantaran,245,true,true,AVAILABLE,ACTIVE_60D,TOP900_TRADEABLE_COMPOSITE,CURRENT_TOP900_NOT_HISTORICAL,true
2026-09-09,GRPH,PT Griptha Putra Persada Tbk.,Barang Konsumen Non-Primer,Jasa Konsumen,246,true,true,AVAILABLE,ACTIVE_60D,TOP900_TRADEABLE_COMPOSITE,CURRENT_TOP900_NOT_HISTORICAL,true
2026-09-09,ULTJ,PT Ultrajaya Milk Industry & Trading Company Tbk,Barang Konsumen Primer,Makanan & Minuman,247,true,true,AVAILABLE,ACTIVE_60D,TOP900_TRADEABLE_COMPOSITE,CURRENT_TOP900_NOT_HISTORICAL,true
2026-09-09,EKAD,Ekadharma International Tbk,Barang Baku,Barang Baku,248,true,true,AVAILABLE,ACTIVE_60D,TOP900_TRADEABLE_COMPOSITE,CURRENT_TOP900_NOT_HISTORICAL,true
2026-09-09,TRIN,PT Perintis Triniti Properti Tbk,Properti & Real Estat,Properti & Real Estat,249,true,true,AVAILABLE,ACTIVE_60D,TOP900_TRADEABLE_COMPOSITE,CURRENT_TOP900_NOT_HISTORICAL,true
2026-09-09,MPMX,PT Mitra Pinasthika Mustika Tbk.,Barang Konsumen Non-Primer,Perdagangan Ritel,250,true,true,AVAILABLE,ACTIVE_60D,TOP900_TRADEABLE_COMPOSITE,CURRENT_TOP900_NOT_HISTORICAL,true
2026-09-09,JELI,PT Niramas Utama Tbk,Barang Konsumen Primer,Makanan & Minuman,251,true,false,STALE,ACTIVE_60D,TOP900_TRADEABLE_COMPOSITE,CURRENT_TOP900_NOT_HISTORICAL,true
2026-09-09,MLPL,Multipolar Tbk,Barang Konsumen Primer,Perdagangan Ritel Barang Primer,252,true,true,AVAILABLE,ACTIVE_60D,TOP900_TRADEABLE_COMPOSITE,CURRENT_TOP900_NOT_HISTORICAL,true
2026-09-09,ELTY,Bakrieland Development Tbk,Properti & Real Estat,Properti & Real Estat,253,true,true,AVAILABLE,ACTIVE_60D,TOP900_TRADEABLE_COMPOSITE,CURRENT_TOP900_NOT_HISTORICAL,true
2026-09-09,PRDL,PT Prodia Diagnostic Line Tbk,Kesehatan,Jasa & Peralatan Kesehatan,254,true,false,STALE,ACTIVE_60D,TOP900_TRADEABLE_COMPOSITE,CURRENT_TOP900_NOT_HISTORICAL,true
2026-09-09,BRRC,PT Raja Roti Cemerlang Tbk,Barang Konsumen Primer,Makanan & Minuman,255,true,true,AVAILABLE,ACTIVE_60D,TOP900_TRADEABLE_COMPOSITE,CURRENT_TOP900_NOT_HISTORICAL,true
2026-09-09,SNLK,PT Sunter Lakeside Hotel Tbk.,Barang Konsumen Non-Primer,Jasa Konsumen,256,true,true,AVAILABLE,ACTIVE_60D,TOP900_TRADEABLE_COMPOSITE,CURRENT_TOP900_NOT_HISTORICAL,true
2026-09-09,BJTM,Bank Pembangunan Daerah Jawa Timur Tbk,Keuangan,Bank,257,true,true,AVAILABLE,ACTIVE_60D,TOP900_TRADEABLE_COMPOSITE,CURRENT_TOP900_NOT_HISTORICAL,true
2026-09-09,CSMI,PT Cipta Selera Murni Tbk.,Barang Konsumen Non-Primer,Jasa Konsumen,258,true,true,AVAILABLE,ACTIVE_60D,TOP900_TRADEABLE_COMPOSITE,CURRENT_TOP900_NOT_HISTORICAL,true
2026-09-09,KOCI,PT Kokoh Exa Nusantara,Properti & Real Estat,Properti & Real Estat,259,true,true,AVAILABLE,ACTIVE_60D,TOP900_TRADEABLE_COMPOSITE,CURRENT_TOP900_NOT_HISTORICAL,true
2026-09-09,JKON,Jaya Konstruksi Manggala Pratama Tbk,Infrastruktur,Konstruksi Bangunan,260,true,true,AVAILABLE,ACTIVE_60D,TOP900_TRADEABLE_COMPOSITE,CURRENT_TOP900_NOT_HISTORICAL,true
2026-09-09,KRYA,PT Bangun Karya Perkasa Jaya Tbk,Infrastruktur,Konstruksi Bangunan,261,true,true,AVAILABLE,ACTIVE_60D,TOP900_TRADEABLE_COMPOSITE,CURRENT_TOP900_NOT_HISTORICAL,true
2026-09-09,ASGR,Astra Graphia Tbk,Perindustrian,Jasa Perindustrian,262,true,true,AVAILABLE,ACTIVE_60D,TOP900_TRADEABLE_COMPOSITE,CURRENT_TOP900_NOT_HISTORICAL,true
2026-09-09,DEFI,Danasupra Erapacific Tbk,Keuangan,Perusahaan Holding & Investasi,263,true,true,AVAILABLE,ACTIVE_60D,TOP900_TRADEABLE_COMPOSITE,CURRENT_TOP900_NOT_HISTORICAL,true
2026-09-09,WGSH,PT Wira Global Solusi Tbk,Teknologi,Perangkat Lunak & Jasa TI,264,true,true,AVAILABLE,ACTIVE_60D,TOP900_TRADEABLE_COMPOSITE,CURRENT_TOP900_NOT_HISTORICAL,true
2026-09-09,CLEO,PT Sariguna Primatirta Tbk,Barang Konsumen Primer,Makanan & Minuman,265,true,true,AVAILABLE,ACTIVE_60D,TOP900_TRADEABLE_COMPOSITE,CURRENT_TOP900_NOT_HISTORICAL,true
2026-09-09,MGRO,PT Mahkota Group Tbk.,Barang Konsumen Primer,Makanan & Minuman,266,true,true,AVAILABLE,ACTIVE_60D,TOP900_TRADEABLE_COMPOSITE,CURRENT_TOP900_NOT_HISTORICAL,true
2026-09-09,RLCO,PT Abadi Lestari Indonesia Tbk,Barang Konsumen Primer,Makanan & Minuman,267,true,true,AVAILABLE,ACTIVE_60D,TOP900_TRADEABLE_COMPOSITE,CURRENT_TOP900_NOT_HISTORICAL,true
2026-09-09,CENT,PT Centratama Telekomunikasi Indonesia Tbk.,Infrastruktur,Telekomunikasi,268,true,true,AVAILABLE,ACTIVE_60D,TOP900_TRADEABLE_COMPOSITE,CURRENT_TOP900_NOT_HISTORICAL,true
2026-09-09,MCAS,PT M Cash Integrasi Tbk,Teknologi,Perangkat Lunak & Jasa TI,269,true,true,AVAILABLE,ACTIVE_60D,TOP900_TRADEABLE_COMPOSITE,CURRENT_TOP900_NOT_HISTORICAL,true
2026-09-09,BTPS,PT Bank BTPN Syariah Tbk.,Keuangan,Bank,270,true,true,AVAILABLE,ACTIVE_60D,TOP900_TRADEABLE_COMPOSITE,CURRENT_TOP900_NOT_HISTORICAL,true
2026-09-09,CTTH,Citatah Tbk,Perindustrian,Barang Perindustrian,271,true,true,AVAILABLE,ACTIVE_60D,TOP900_TRADEABLE_COMPOSITE,CURRENT_TOP900_NOT_HISTORICAL,true
2026-09-09,GRIA,PT Ingria Pratama Capitalindo Tbk,Properti & Real Estat,Properti & Real Estat,272,true,true,AVAILABLE,ACTIVE_60D,TOP900_TRADEABLE_COMPOSITE,CURRENT_TOP900_NOT_HISTORICAL,true
2026-09-09,NRCA,PT Nusa Raya Cipta Tbk.,Infrastruktur,Konstruksi Bangunan,273,true,true,AVAILABLE,ACTIVE_60D,TOP900_TRADEABLE_COMPOSITE,CURRENT_TOP900_NOT_HISTORICAL,true
2026-09-09,KJEN,PT Krida Jaringan Nusantara Tbk.,Transportasi & Logistik,Logistik & Pengantaran,274,true,true,AVAILABLE,ACTIVE_60D,TOP900_TRADEABLE_COMPOSITE,CURRENT_TOP900_NOT_HISTORICAL,true
2026-09-09,JECX,PT Nitrasanata Dharma Tbk,Kesehatan,Jasa & Peralatan Kesehatan,275,true,false,STALE,ACTIVE_60D,TOP900_TRADEABLE_COMPOSITE,CURRENT_TOP900_NOT_HISTORICAL,true
2026-09-09,WEGE,PT Wijaya Karya Bangunan Gedung Tbk.,Infrastruktur,Konstruksi Bangunan,276,true,true,AVAILABLE,ACTIVE_60D,TOP900_TRADEABLE_COMPOSITE,CURRENT_TOP900_NOT_HISTORICAL,true
2026-09-09,EMMI,PT Esa Medika Mandiri Tbk,Kesehatan,Jasa & Peralatan Kesehatan,277,true,false,STALE,ACTIVE_60D,TOP900_TRADEABLE_COMPOSITE,CURRENT_TOP900_NOT_HISTORICAL,true
2026-09-09,CNMA,PT Nusantara Sejahtera Raya Tbk,Barang Konsumen Non-Primer,Jasa Konsumen,278,true,true,AVAILABLE,ACTIVE_60D,TOP900_TRADEABLE_COMPOSITE,CURRENT_TOP900_NOT_HISTORICAL,true
2026-09-09,PNBN,Bank Pan Indonesia Tbk,Keuangan,Bank,279,true,true,AVAILABLE,ACTIVE_60D,TOP900_TRADEABLE_COMPOSITE,CURRENT_TOP900_NOT_HISTORICAL,true
2026-09-09,OPMS,PT Optima Prima Metal Sinergi Tbk.,Barang Baku,Barang Baku,280,true,true,AVAILABLE,ACTIVE_60D,TOP900_TRADEABLE_COMPOSITE,CURRENT_TOP900_NOT_HISTORICAL,true
2026-09-09,VICI,PT Victoria Care Indonesia Tbk,Barang Konsumen Primer,Produk Rumah Tangga Tidak Tahan Lama,281,true,true,AVAILABLE,ACTIVE_60D,TOP900_TRADEABLE_COMPOSITE,CURRENT_TOP900_NOT_HISTORICAL,true
2026-09-09,CPRO,Central Proteina Prima Tbk,Barang Konsumen Primer,Makanan & Minuman,282,true,true,AVAILABLE,ACTIVE_60D,TOP900_TRADEABLE_COMPOSITE,CURRENT_TOP900_NOT_HISTORICAL,true
2026-09-09,VERN,PT Verona Indah Pictures Tbk,Barang Konsumen Non-Primer,Media & Hiburan,283,true,true,AVAILABLE,ACTIVE_60D,TOP900_TRADEABLE_COMPOSITE,CURRENT_TOP900_NOT_HISTORICAL,true
2026-09-09,LABA,PT Green Power Group Tbk,Perindustrian,Barang Perindustrian,284,true,true,AVAILABLE,ACTIVE_60D,TOP900_TRADEABLE_COMPOSITE,CURRENT_TOP900_NOT_HISTORICAL,true
2026-09-09,MORA,PT Ekamas Mora Republik Tbk,Infrastruktur,Telekomunikasi,285,true,true,AVAILABLE,ACTIVE_60D,TOP900_TRADEABLE_COMPOSITE,CURRENT_TOP900_NOT_HISTORICAL,true
2026-09-09,PSKT,PT Red Planet Indonesia Tbk,Barang Konsumen Non-Primer,Jasa Konsumen,286,true,true,AVAILABLE,ACTIVE_60D,TOP900_TRADEABLE_COMPOSITE,CURRENT_TOP900_NOT_HISTORICAL,true
2026-09-09,TUGU,PT Asuransi Tugu Pratama Indonesia Tbk,Keuangan,Asuransi,287,true,true,AVAILABLE,ACTIVE_60D,TOP900_TRADEABLE_COMPOSITE,CURRENT_TOP900_NOT_HISTORICAL,true
2026-09-09,LAPD,Leyand International Tbk,Barang Konsumen Primer,Perdagangan Ritel Barang Primer,288,true,true,AVAILABLE,ACTIVE_60D,TOP900_TRADEABLE_COMPOSITE,CURRENT_TOP900_NOT_HISTORICAL,true
2026-09-09,ESTI,Ever Shine Textile Industry Tbk,Barang Konsumen Non-Primer,Pakaian & Barang Mewah,289,true,true,AVAILABLE,ACTIVE_60D,TOP900_TRADEABLE_COMPOSITE,CURRENT_TOP900_NOT_HISTORICAL,true
2026-09-09,PRDA,PT Prodia Widyahusada Tbk.,Kesehatan,Jasa & Peralatan Kesehatan,290,true,true,AVAILABLE,ACTIVE_60D,TOP900_TRADEABLE_COMPOSITE,CURRENT_TOP900_NOT_HISTORICAL,true
2026-09-09,ENZO,PT Morenzo Abadi Perkasa Tbk,Barang Konsumen Primer,Makanan & Minuman,291,true,true,AVAILABLE,ACTIVE_60D,TOP900_TRADEABLE_COMPOSITE,CURRENT_TOP900_NOT_HISTORICAL,true
2026-09-09,PEGE,PT Panca Global Kapital Tbk.,Keuangan,Perusahaan Holding & Investasi,292,true,true,AVAILABLE,ACTIVE_60D,TOP900_TRADEABLE_COMPOSITE,CURRENT_TOP900_NOT_HISTORICAL,true
2026-09-09,RODA,Pikko Land Development Tbk,Properti & Real Estat,Properti & Real Estat,293,true,true,AVAILABLE,ACTIVE_60D,TOP900_TRADEABLE_COMPOSITE,CURRENT_TOP900_NOT_HISTORICAL,true
2026-09-09,DKHH,PT Cipta Sarana Medika Tbk,Kesehatan,Jasa & Peralatan Kesehatan,294,true,true,AVAILABLE,ACTIVE_60D,TOP900_TRADEABLE_COMPOSITE,CURRENT_TOP900_NOT_HISTORICAL,true
2026-09-09,BIPP,Bhuwanatala Indah Permai Tbk,Properti & Real Estat,Properti & Real Estat,295,true,true,AVAILABLE,ACTIVE_60D,TOP900_TRADEABLE_COMPOSITE,CURRENT_TOP900_NOT_HISTORICAL,true
2026-09-09,LPPF,PT MDS Retailing Tbk,Barang Konsumen Non-Primer,Perdagangan Ritel,296,true,true,AVAILABLE,ACTIVE_60D,TOP900_TRADEABLE_COMPOSITE,CURRENT_TOP900_NOT_HISTORICAL,true
2026-09-09,BAJA,Saranacentral Bajatama Tbk,Barang Baku,Barang Baku,297,true,true,AVAILABLE,ACTIVE_60D,TOP900_TRADEABLE_COMPOSITE,CURRENT_TOP900_NOT_HISTORICAL,true
2026-09-09,SMLE,PT Sinergi Multi Lestarindo Tbk,Barang Baku,Barang Baku,298,true,true,AVAILABLE,ACTIVE_60D,TOP900_TRADEABLE_COMPOSITE,CURRENT_TOP900_NOT_HISTORICAL,true
2026-09-09,WIIM,Wismilak Inti Makmur Tbk,Barang Konsumen Primer,Rokok,299,true,true,AVAILABLE,ACTIVE_60D,TOP900_TRADEABLE_COMPOSITE,CURRENT_TOP900_NOT_HISTORICAL,true
2026-09-09,NATO,PT Olympus Strategic Indonesia Tbk,Barang Konsumen Non-Primer,Jasa Konsumen,300,true,true,AVAILABLE,ACTIVE_60D,TOP900_TRADEABLE_COMPOSITE,CURRENT_TOP900_NOT_HISTORICAL,true
2026-09-09,TRON,PT Teknologi Karya Digital Nusa Tbk.,Teknologi,Perangkat Lunak & Jasa TI,301,true,true,AVAILABLE,ACTIVE_60D,TOP900_TRADEABLE_COMPOSITE,CURRENT_TOP900_NOT_HISTORICAL,true
2026-09-09,SWID,PT Saraswanti Indoland Development Tbk,Barang Konsumen Non-Primer,Jasa Konsumen,302,true,true,AVAILABLE,ACTIVE_60D,TOP900_TRADEABLE_COMPOSITE,CURRENT_TOP900_NOT_HISTORICAL,true
2026-09-09,MEJA,PT Harta Djaya Karya Tbk,Barang Konsumen Non-Primer,Barang Rumah Tangga,303,true,true,AVAILABLE,ACTIVE_60D,TOP900_TRADEABLE_COMPOSITE,CURRENT_TOP900_NOT_HISTORICAL,true
2026-09-09,IKAN,PT Era Mandiri Cemerlang Tbk,Barang Konsumen Primer,Makanan & Minuman,304,true,true,AVAILABLE,ACTIVE_60D,TOP900_TRADEABLE_COMPOSITE,CURRENT_TOP900_NOT_HISTORICAL,true
2026-09-09,KDTN,PT Puri Sentul Permai Tbk,Barang Konsumen Non-Primer,Jasa Konsumen,305,true,true,AVAILABLE,ACTIVE_60D,TOP900_TRADEABLE_COMPOSITE,CURRENT_TOP900_NOT_HISTORICAL,true
2026-09-09,MUTU,PT Mutuagung Lestari Tbk,Perindustrian,Jasa Perindustrian,306,true,true,AVAILABLE,ACTIVE_60D,TOP900_TRADEABLE_COMPOSITE,CURRENT_TOP900_NOT_HISTORICAL,true
2026-09-09,BDKR,PT Berdikari Pondasi Perkasa Tbk.,Infrastruktur,Konstruksi Bangunan,307,true,true,AVAILABLE,ACTIVE_60D,TOP900_TRADEABLE_COMPOSITE,CURRENT_TOP900_NOT_HISTORICAL,true
2026-09-09,BEER,PT Jobubu Jarum Minahasa Tbk,Barang Konsumen Primer,Makanan & Minuman,308,true,true,AVAILABLE,ACTIVE_60D,TOP900_TRADEABLE_COMPOSITE,CURRENT_TOP900_NOT_HISTORICAL,true
2026-09-09,RMKO,PT Royaltama Mulia Kontraktorindo Tbk.,Energi,"Minyak, Gas & Batu Bara",309,true,true,AVAILABLE,ACTIVE_60D,TOP900_TRADEABLE_COMPOSITE,CURRENT_TOP900_NOT_HISTORICAL,true
2026-09-09,KOBX,Kobexindo Tractors Tbk,Perindustrian,Barang Perindustrian,310,true,true,AVAILABLE,ACTIVE_60D,TOP900_TRADEABLE_COMPOSITE,CURRENT_TOP900_NOT_HISTORICAL,true
2026-09-09,PSDN,Prasidha Aneka Niaga Tbk,Barang Konsumen Primer,Makanan & Minuman,311,true,true,AVAILABLE,ACTIVE_60D,TOP900_TRADEABLE_COMPOSITE,CURRENT_TOP900_NOT_HISTORICAL,true
2026-09-09,ASRI,ALAM SUTERA REALTY Tbk,Properti & Real Estat,Properti & Real Estat,312,true,true,AVAILABLE,ACTIVE_60D,TOP900_TRADEABLE_COMPOSITE,CURRENT_TOP900_NOT_HISTORICAL,true
2026-09-09,TAMA,PT Lancartama Sejati Tbk.,Infrastruktur,Konstruksi Bangunan,313,true,true,AVAILABLE,ACTIVE_60D,TOP900_TRADEABLE_COMPOSITE,CURRENT_TOP900_NOT_HISTORICAL,true
2026-09-09,SULI,PT SLJ Global Tbk,Barang Baku,Barang Baku,314,true,true,AVAILABLE,ACTIVE_60D,TOP900_TRADEABLE_COMPOSITE,CURRENT_TOP900_NOT_HISTORICAL,true
2026-09-09,MIDI,Midi Utama Indonesia Tbk,Barang Konsumen Primer,Perdagangan Ritel Barang Primer,315,true,true,AVAILABLE,ACTIVE_60D,TOP900_TRADEABLE_COMPOSITE,CURRENT_TOP900_NOT_HISTORICAL,true
2026-09-09,ASHA,PT Cilacap Samudera Fishing Industry Tbk,Barang Konsumen Primer,Makanan & Minuman,316,true,true,AVAILABLE,ACTIVE_60D,TOP900_TRADEABLE_COMPOSITE,CURRENT_TOP900_NOT_HISTORICAL,true
2026-09-09,GDST,Gunawan Dianjaya Steel Tbk,Barang Baku,Barang Baku,317,true,true,AVAILABLE,ACTIVE_60D,TOP900_TRADEABLE_COMPOSITE,CURRENT_TOP900_NOT_HISTORICAL,true
2026-09-09,STRK,PT Lovina Beach Brewery Tbk.,Barang Konsumen Primer,Makanan & Minuman,318,true,true,AVAILABLE,ACTIVE_60D,TOP900_TRADEABLE_COMPOSITE,CURRENT_TOP900_NOT_HISTORICAL,true
2026-09-09,FUJI,PT Fuji Finance Indonesia Tbk.,Keuangan,Jasa Pembiayaan,319,true,true,AVAILABLE,ACTIVE_60D,TOP900_TRADEABLE_COMPOSITE,CURRENT_TOP900_NOT_HISTORICAL,true
2026-09-09,UNTD,PT Terang Dunia Internusa Tbk.,Barang Konsumen Non-Primer,Barang Rekreasi,320,true,true,AVAILABLE,ACTIVE_60D,TOP900_TRADEABLE_COMPOSITE,CURRENT_TOP900_NOT_HISTORICAL,true
2026-09-09,BIRD,PT Blue Bird Tbk,Transportasi & Logistik,Transportasi,321,true,true,AVAILABLE,ACTIVE_60D,TOP900_TRADEABLE_COMPOSITE,CURRENT_TOP900_NOT_HISTORICAL,true
2026-09-09,EMDE,Megapolitan Developments Tbk,Properti & Real Estat,Properti & Real Estat,322,true,true,AVAILABLE,ACTIVE_60D,TOP900_TRADEABLE_COMPOSITE,CURRENT_TOP900_NOT_HISTORICAL,true
2026-09-09,ADES,Akasha Wira International Tbk  Tbk,Barang Konsumen Primer,Makanan & Minuman,323,true,true,AVAILABLE,ACTIVE_60D,TOP900_TRADEABLE_COMPOSITE,CURRENT_TOP900_NOT_HISTORICAL,true
2026-09-09,JATI,PT Informasi Teknologi Indonesia Tbk.,Teknologi,Perangkat Lunak & Jasa TI,324,true,true,AVAILABLE,ACTIVE_60D,TOP900_TRADEABLE_COMPOSITE,CURRENT_TOP900_NOT_HISTORICAL,true
2026-09-09,VTNY,PT Venteny Fortuna International Tbk,Keuangan,Jasa Pembiayaan,325,true,true,AVAILABLE,ACTIVE_60D,TOP900_TRADEABLE_COMPOSITE,CURRENT_TOP900_NOT_HISTORICAL,true
2026-09-09,AISA,PT FKS Food Sejahtera Tbk,Barang Konsumen Primer,Makanan & Minuman,326,true,true,AVAILABLE,ACTIVE_60D,TOP900_TRADEABLE_COMPOSITE,CURRENT_TOP900_NOT_HISTORICAL,true
2026-09-09,DWGL,PT Dwi Guna Laksana Tbk,Energi,"Minyak, Gas & Batu Bara",327,true,true,AVAILABLE,ACTIVE_60D,TOP900_TRADEABLE_COMPOSITE,CURRENT_TOP900_NOT_HISTORICAL,true
2026-09-09,TSPC,Tempo Scan Pacific Tbk,Kesehatan,Farmasi & Riset Kesehatan,328,true,true,AVAILABLE,ACTIVE_60D,TOP900_TRADEABLE_COMPOSITE,CURRENT_TOP900_NOT_HISTORICAL,true
2026-09-09,BLES,PT Superior Prima Sukses Tbk,Barang Baku,Barang Baku,329,true,true,AVAILABLE,ACTIVE_60D,TOP900_TRADEABLE_COMPOSITE,CURRENT_TOP900_NOT_HISTORICAL,true
2026-09-09,DFAM,PT Dafam Property Indonesia Tbk,Barang Konsumen Non-Primer,Jasa Konsumen,330,true,true,AVAILABLE,ACTIVE_60D,TOP900_TRADEABLE_COMPOSITE,CURRENT_TOP900_NOT_HISTORICAL,true
2026-09-09,UDNG,PT Agro Bahari Nusantara Tbk,Barang Konsumen Primer,Makanan & Minuman,331,true,true,AVAILABLE,ACTIVE_60D,TOP900_TRADEABLE_COMPOSITE,CURRENT_TOP900_NOT_HISTORICAL,true
2026-09-09,BSBK,PT Wulandari Bangun Laksana Tbk,Properti & Real Estat,Properti & Real Estat,332,true,true,AVAILABLE,ACTIVE_60D,TOP900_TRADEABLE_COMPOSITE,CURRENT_TOP900_NOT_HISTORICAL,true
2026-09-09,FIRE,PT Alfa Energi Investama Tbk.,Energi,"Minyak, Gas & Batu Bara",333,true,true,AVAILABLE,ACTIVE_60D,TOP900_TRADEABLE_COMPOSITE,CURRENT_TOP900_NOT_HISTORICAL,true
2026-09-09,BINA,PT Bank Ina Perdana Tbk.,Keuangan,Bank,334,true,true,AVAILABLE,ACTIVE_60D,TOP900_TRADEABLE_COMPOSITE,CURRENT_TOP900_NOT_HISTORICAL,true
2026-09-09,AHAP,Asuransi Harta Aman Pratama Tbk,Keuangan,Asuransi,335,true,true,AVAILABLE,ACTIVE_60D,TOP900_TRADEABLE_COMPOSITE,CURRENT_TOP900_NOT_HISTORICAL,true
2026-09-09,INPC,Bank Artha Graha Internasional Tbk,Keuangan,Bank,336,true,true,AVAILABLE,ACTIVE_60D,TOP900_TRADEABLE_COMPOSITE,CURRENT_TOP900_NOT_HISTORICAL,true
2026-09-09,DILD,Intiland Development Tbk,Properti & Real Estat,Properti & Real Estat,337,true,true,AVAILABLE,ACTIVE_60D,TOP900_TRADEABLE_COMPOSITE,CURRENT_TOP900_NOT_HISTORICAL,true
2026-09-09,GSMF,Equity Development Investment Tbk,Keuangan,Perusahaan Holding & Investasi,338,true,true,AVAILABLE,ACTIVE_60D,TOP900_TRADEABLE_COMPOSITE,CURRENT_TOP900_NOT_HISTORICAL,true
2026-09-09,BJBR,Bank Pembangunan Daerah Jawa Barat dan Banten Tbk,Keuangan,Bank,339,true,true,AVAILABLE,ACTIVE_60D,TOP900_TRADEABLE_COMPOSITE,CURRENT_TOP900_NOT_HISTORICAL,true
2026-09-09,PAMG,PT Bima Sakti Pertiwi Tbk,Properti & Real Estat,Properti & Real Estat,340,true,true,AVAILABLE,ACTIVE_60D,TOP900_TRADEABLE_COMPOSITE,CURRENT_TOP900_NOT_HISTORICAL,true
2026-09-09,VIVA,PT Visi Media Asia Tbk,Barang Konsumen Non-Primer,Media & Hiburan,341,true,true,AVAILABLE,ACTIVE_60D,TOP900_TRADEABLE_COMPOSITE,CURRENT_TOP900_NOT_HISTORICAL,true
2026-09-09,HALO,PT Haloni Jane Tbk,Kesehatan,Jasa & Peralatan Kesehatan,342,true,true,AVAILABLE,ACTIVE_60D,TOP900_TRADEABLE_COMPOSITE,CURRENT_TOP900_NOT_HISTORICAL,true
2026-09-09,TBIG,PT Tower Bersama Infrastructure Tbk,Infrastruktur,Telekomunikasi,343,true,true,AVAILABLE,ACTIVE_60D,TOP900_TRADEABLE_COMPOSITE,CURRENT_TOP900_NOT_HISTORICAL,true
2026-09-09,BABY,PT Multitrend Indo Tbk.,Barang Konsumen Non-Primer,Perdagangan Ritel,344,true,true,AVAILABLE,ACTIVE_60D,TOP900_TRADEABLE_COMPOSITE,CURRENT_TOP900_NOT_HISTORICAL,true
2026-09-09,DPUM,PT Dua Putra Utama Makmur Tbk.,Barang Konsumen Primer,Makanan & Minuman,345,true,true,AVAILABLE,ACTIVE_60D,TOP900_TRADEABLE_COMPOSITE,CURRENT_TOP900_NOT_HISTORICAL,true
2026-09-09,NPGF,PT Nusa Palapa Gemilang Tbk,Barang Baku,Barang Baku,346,true,true,AVAILABLE,ACTIVE_60D,TOP900_TRADEABLE_COMPOSITE,CURRENT_TOP900_NOT_HISTORICAL,true
2026-09-09,PTPP,PP (Persero) Tbk,Infrastruktur,Konstruksi Bangunan,347,true,true,AVAILABLE,ACTIVE_60D,TOP900_TRADEABLE_COMPOSITE,CURRENT_TOP900_NOT_HISTORICAL,true
2026-09-09,ARNA,Arwana Citramulia Tbk,Perindustrian,Barang Perindustrian,348,true,true,AVAILABLE,ACTIVE_60D,TOP900_TRADEABLE_COMPOSITE,CURRENT_TOP900_NOT_HISTORICAL,true
2026-09-09,MSTI,PT Mastersystem Infotama Tbk.,Teknologi,Perangkat Keras & Peralatan Teknologi,349,true,true,AVAILABLE,ACTIVE_60D,TOP900_TRADEABLE_COMPOSITE,CURRENT_TOP900_NOT_HISTORICAL,true
2026-09-09,MPOW,PT Megapower Makmur Tbk.,Infrastruktur,Utilitas,350,true,true,AVAILABLE,ACTIVE_60D,TOP900_TRADEABLE_COMPOSITE,CURRENT_TOP900_NOT_HISTORICAL,true
2026-09-09,DIVA,PT Distribusi Voucher Nusantara Tbk,Teknologi,Perangkat Lunak & Jasa TI,351,true,true,AVAILABLE,ACTIVE_60D,TOP900_TRADEABLE_COMPOSITE,CURRENT_TOP900_NOT_HISTORICAL,true
2026-09-09,MKAP,PT Multikarya Asia Pasifik Raya Tbk,Energi,"Minyak, Gas & Batu Bara",352,true,true,AVAILABLE,ACTIVE_60D,TOP900_TRADEABLE_COMPOSITE,CURRENT_TOP900_NOT_HISTORICAL,true
2026-09-09,NIKL,Pelat Timah Nusantara Tbk,Barang Baku,Barang Baku,353,true,true,AVAILABLE,ACTIVE_60D,TOP900_TRADEABLE_COMPOSITE,CURRENT_TOP900_NOT_HISTORICAL,true
2026-09-09,PMUI,PT Prima Multi Usaha Indonesia Tbk,Barang Konsumen Non-Primer,Perdagangan Ritel,354,true,true,AVAILABLE,ACTIVE_60D,TOP900_TRADEABLE_COMPOSITE,CURRENT_TOP900_NOT_HISTORICAL,true
2026-09-09,MSKY,MNC Sky Vision Tbk,Barang Konsumen Non-Primer,Media & Hiburan,355,true,true,AVAILABLE,ACTIVE_60D,TOP900_TRADEABLE_COMPOSITE,CURRENT_TOP900_NOT_HISTORICAL,true
2026-09-09,CFIN,Clipan Finance Indonesia Tbk,Keuangan,Jasa Pembiayaan,356,true,true,AVAILABLE,ACTIVE_60D,TOP900_TRADEABLE_COMPOSITE,CURRENT_TOP900_NOT_HISTORICAL,true
2026-09-09,WINS,Wintermar Offshore Marine Tbk,Energi,"Minyak, Gas & Batu Bara",357,true,true,AVAILABLE,ACTIVE_60D,TOP900_TRADEABLE_COMPOSITE,CURRENT_TOP900_NOT_HISTORICAL,true
2026-09-09,EURO,PT Estee Gold Feet Tbk,Barang Konsumen Primer,Produk Rumah Tangga Tidak Tahan Lama,358,true,true,AVAILABLE,ACTIVE_60D,TOP900_TRADEABLE_COMPOSITE,CURRENT_TOP900_NOT_HISTORICAL,true
2026-09-09,ERAL,PT Sinar Eka Selaras Tbk,Barang Konsumen Non-Primer,Perdagangan Ritel,359,true,true,AVAILABLE,ACTIVE_60D,TOP900_TRADEABLE_COMPOSITE,CURRENT_TOP900_NOT_HISTORICAL,true
2026-09-09,FOLK,PT Multi Garam Utama Tbk.,Perindustrian,Perusahaan Holding Multi Sektor,360,true,true,AVAILABLE,ACTIVE_60D,TOP900_TRADEABLE_COMPOSITE,CURRENT_TOP900_NOT_HISTORICAL,true
2026-09-09,LCKM,PT LCK Global Kedaton Tbk,Infrastruktur,Telekomunikasi,361,true,true,AVAILABLE,SPORADIC_60D,TOP900_TRADEABLE_COMPOSITE,CURRENT_TOP900_NOT_HISTORICAL,true
2026-09-09,KRAS,Krakatau Steel (Persero) Tbk,Barang Baku,Barang Baku,362,true,true,AVAILABLE,ACTIVE_60D,TOP900_TRADEABLE_COMPOSITE,CURRENT_TOP900_NOT_HISTORICAL,true
2026-09-09,FWCT,PT Wijaya Cahaya Timber Tbk,Barang Baku,Barang Baku,363,true,true,AVAILABLE,ACTIVE_60D,TOP900_TRADEABLE_COMPOSITE,CURRENT_TOP900_NOT_HISTORICAL,true
2026-09-09,JAYA,PT Armada Berjaya Trans Tbk.,Transportasi & Logistik,Logistik & Pengantaran,364,true,true,AVAILABLE,ACTIVE_60D,TOP900_TRADEABLE_COMPOSITE,CURRENT_TOP900_NOT_HISTORICAL,true
2026-09-09,SMBR,PT Semen Baturaja (Persero) Tbk,Barang Baku,Barang Baku,365,true,true,AVAILABLE,ACTIVE_60D,TOP900_TRADEABLE_COMPOSITE,CURRENT_TOP900_NOT_HISTORICAL,true
2026-09-09,TBLA,Tunas Baru Lampung Tbk,Barang Konsumen Primer,Makanan & Minuman,366,true,true,AVAILABLE,ACTIVE_60D,TOP900_TRADEABLE_COMPOSITE,CURRENT_TOP900_NOT_HISTORICAL,true
2026-09-09,MPIX,PT Mitra Pedagang Indonesia Tbk.,Teknologi,Perangkat Lunak & Jasa TI,367,true,true,AVAILABLE,ACTIVE_60D,TOP900_TRADEABLE_COMPOSITE,CURRENT_TOP900_NOT_HISTORICAL,true
2026-09-09,ISEA,PT Indo American Seafoods Tbk,Barang Konsumen Primer,Makanan & Minuman,368,true,true,AVAILABLE,ACTIVE_60D,TOP900_TRADEABLE_COMPOSITE,CURRENT_TOP900_NOT_HISTORICAL,true
2026-09-09,UANG,PT Pakuan Tbk,Properti & Real Estat,Properti & Real Estat,369,true,true,AVAILABLE,ACTIVE_60D,TOP900_TRADEABLE_COMPOSITE,CURRENT_TOP900_NOT_HISTORICAL,true
2026-09-09,HEXA,Hexindo Adiperkasa Tbk,Perindustrian,Barang Perindustrian,370,true,true,AVAILABLE,ACTIVE_60D,TOP900_TRADEABLE_COMPOSITE,CURRENT_TOP900_NOT_HISTORICAL,true
2026-09-09,TOSK,PT Topindo Solusi Komunika Tbk.,Teknologi,Perangkat Lunak & Jasa TI,371,true,true,AVAILABLE,ACTIVE_60D,TOP900_TRADEABLE_COMPOSITE,CURRENT_TOP900_NOT_HISTORICAL,true
2026-09-09,MAIN,Malindo Feedmill Tbk,Barang Konsumen Primer,Makanan & Minuman,372,true,true,AVAILABLE,ACTIVE_60D,TOP900_TRADEABLE_COMPOSITE,CURRENT_TOP900_NOT_HISTORICAL,true
2026-09-09,HDIT,PT Hensel Davest Indonesia Tbk,Teknologi,Perangkat Lunak & Jasa TI,373,true,true,AVAILABLE,ACTIVE_60D,TOP900_TRADEABLE_COMPOSITE,CURRENT_TOP900_NOT_HISTORICAL,true
2026-09-09,KICI,Kedaung Indah Can Tbk,Barang Konsumen Non-Primer,Barang Rumah Tangga,374,true,true,AVAILABLE,ACTIVE_60D,TOP900_TRADEABLE_COMPOSITE,CURRENT_TOP900_NOT_HISTORICAL,true
2026-09-09,PART,PT Cipta Perdana Lancar Tbk,Barang Konsumen Non-Primer,Otomotif & Komponen Otomotif,375,true,true,AVAILABLE,ACTIVE_60D,TOP900_TRADEABLE_COMPOSITE,CURRENT_TOP900_NOT_HISTORICAL,true
2026-09-09,BBRM,Pelayaran Nasional Bina Buana Raya Tbk,Energi,"Minyak, Gas & Batu Bara",376,true,true,AVAILABLE,ACTIVE_60D,TOP900_TRADEABLE_COMPOSITE,CURRENT_TOP900_NOT_HISTORICAL,true
2026-09-09,VISI,PT Satu Visi Putra Tbk.,Perindustrian,Jasa Perindustrian,377,true,true,AVAILABLE,ACTIVE_60D,TOP900_TRADEABLE_COMPOSITE,CURRENT_TOP900_NOT_HISTORICAL,true
2026-09-09,RISE,PT Jaya Sukses Makmur Sentosa Tbk.,Properti & Real Estat,Properti & Real Estat,378,true,true,AVAILABLE,ACTIVE_60D,TOP900_TRADEABLE_COMPOSITE,CURRENT_TOP900_NOT_HISTORICAL,true
2026-09-09,MOLI,PT Madusari Murni Indah Tbk.,Barang Baku,Barang Baku,379,true,true,AVAILABLE,ACTIVE_60D,TOP900_TRADEABLE_COMPOSITE,CURRENT_TOP900_NOT_HISTORICAL,true
2026-09-09,SMGA,PT Sumber Mineral Global Abadi Tbk,Barang Baku,Barang Baku,380,true,true,AVAILABLE,ACTIVE_60D,TOP900_TRADEABLE_COMPOSITE,CURRENT_TOP900_NOT_HISTORICAL,true
2026-09-09,RALS,Ramayana Lestari Sentosa Tbk,Barang Konsumen Non-Primer,Perdagangan Ritel,381,true,true,AVAILABLE,ACTIVE_60D,TOP900_TRADEABLE_COMPOSITE,CURRENT_TOP900_NOT_HISTORICAL,true
2026-09-09,NANO,PT Nanotech Indonesia Global Tbk,Barang Konsumen Primer,Produk Rumah Tangga Tidak Tahan Lama,382,true,true,AVAILABLE,ACTIVE_60D,TOP900_TRADEABLE_COMPOSITE,CURRENT_TOP900_NOT_HISTORICAL,true
2026-09-09,MERI,PT Merry Riana Edukasi Tbk,Barang Konsumen Non-Primer,Jasa Konsumen,383,true,true,AVAILABLE,ACTIVE_60D,TOP900_TRADEABLE_COMPOSITE,CURRENT_TOP900_NOT_HISTORICAL,true
2026-09-09,ELPI,PT Pelayaran Nasional Ekalya Purnamasari Tbk,Transportasi & Logistik,Logistik & Pengantaran,384,true,true,AVAILABLE,ACTIVE_60D,TOP900_TRADEABLE_COMPOSITE,CURRENT_TOP900_NOT_HISTORICAL,true
2026-09-09,NAYZ,PT Hassana Boga Sejahtera Tbk,Barang Konsumen Primer,Makanan & Minuman,385,true,true,AVAILABLE,ACTIVE_60D,TOP900_TRADEABLE_COMPOSITE,CURRENT_TOP900_NOT_HISTORICAL,true
2026-09-09,WOWS,PT Ginting Jaya Energi Tbk,Energi,"Minyak, Gas & Batu Bara",386,true,true,AVAILABLE,ACTIVE_60D,TOP900_TRADEABLE_COMPOSITE,CURRENT_TOP900_NOT_HISTORICAL,true
2026-09-09,KAEF,PT Kimia Farma (Persero) Tbk,Kesehatan,Farmasi & Riset Kesehatan,387,true,true,AVAILABLE,ACTIVE_60D,TOP900_TRADEABLE_COMPOSITE,CURRENT_TOP900_NOT_HISTORICAL,true
2026-09-09,HOKI,PT Buyung Poetra Sembada Tbk.,Barang Konsumen Primer,Makanan & Minuman,388,true,true,AVAILABLE,ACTIVE_60D,TOP900_TRADEABLE_COMPOSITE,CURRENT_TOP900_NOT_HISTORICAL,true
2026-09-09,MTDL,Metrodata Electronics Tbk,Teknologi,Perangkat Keras & Peralatan Teknologi,389,true,true,AVAILABLE,ACTIVE_60D,TOP900_TRADEABLE_COMPOSITE,CURRENT_TOP900_NOT_HISTORICAL,true
2026-09-09,BKDP,Bukit Darmo Property Tbk,Properti & Real Estat,Properti & Real Estat,390,true,true,AVAILABLE,SPORADIC_60D,TOP900_TRADEABLE_COMPOSITE,CURRENT_TOP900_NOT_HISTORICAL,true
2026-09-09,NICE,PT Adhi Kartiko Pratama Tbk,Barang Baku,Barang Baku,391,true,true,AVAILABLE,ACTIVE_60D,TOP900_TRADEABLE_COMPOSITE,CURRENT_TOP900_NOT_HISTORICAL,true
2026-09-09,ATLA,PT Atlantis Subsea Indonesia Tbk,Energi,"Minyak, Gas & Batu Bara",392,true,true,AVAILABLE,ACTIVE_60D,TOP900_TRADEABLE_COMPOSITE,CURRENT_TOP900_NOT_HISTORICAL,true
2026-09-09,ABMM,ABM Investama Tbk,Energi,"Minyak, Gas & Batu Bara",393,true,true,AVAILABLE,ACTIVE_60D,TOP900_TRADEABLE_COMPOSITE,CURRENT_TOP900_NOT_HISTORICAL,true
2026-09-09,PRIM,PT Royal Prima Tbk.,Kesehatan,Jasa & Peralatan Kesehatan,394,true,true,AVAILABLE,ACTIVE_60D,TOP900_TRADEABLE_COMPOSITE,CURRENT_TOP900_NOT_HISTORICAL,true
2026-09-09,MBTO,Martina Berto Tbk,Barang Konsumen Primer,Produk Rumah Tangga Tidak Tahan Lama,395,true,true,AVAILABLE,ACTIVE_60D,TOP900_TRADEABLE_COMPOSITE,CURRENT_TOP900_NOT_HISTORICAL,true
2026-09-09,MLBI,Multi Bintang Indonesia Tbk,Barang Konsumen Primer,Makanan & Minuman,396,true,true,AVAILABLE,ACTIVE_60D,TOP900_TRADEABLE_COMPOSITE,CURRENT_TOP900_NOT_HISTORICAL,true
2026-09-09,BBSS,PT Bumi Benowo Sukses Sejahtera Tbk,Properti & Real Estat,Properti & Real Estat,397,true,true,AVAILABLE,ACTIVE_60D,TOP900_TRADEABLE_COMPOSITE,CURRENT_TOP900_NOT_HISTORICAL,true
2026-09-09,SOLA,PT Xolare RCR Energy Tbk,Barang Baku,Barang Baku,398,true,true,AVAILABLE,ACTIVE_60D,TOP900_TRADEABLE_COMPOSITE,CURRENT_TOP900_NOT_HISTORICAL,true
2026-09-09,CHEM,PT Chemstar Indonesia Tbk,Barang Baku,Barang Baku,399,true,true,AVAILABLE,ACTIVE_60D,TOP900_TRADEABLE_COMPOSITE,CURRENT_TOP900_NOT_HISTORICAL,true
2026-09-09,DMMX,PT Digital Mediatama Maxima Tbk,Teknologi,Perangkat Lunak & Jasa TI,400,true,true,AVAILABLE,ACTIVE_60D,TOP900_TRADEABLE_COMPOSITE,CURRENT_TOP900_NOT_HISTORICAL,true
2026-09-09,OKAS,Ancora Indonesia Resources Tbk,Barang Baku,Barang Baku,401,true,true,AVAILABLE,ACTIVE_60D,TOP900_TRADEABLE_COMPOSITE,CURRENT_TOP900_NOT_HISTORICAL,true
2026-09-09,MKPI,Metropolitan Kentjana Tbk,Properti & Real Estat,Properti & Real Estat,402,true,true,AVAILABLE,ACTIVE_60D,TOP900_TRADEABLE_COMPOSITE,CURRENT_TOP900_NOT_HISTORICAL,true
2026-09-09,JTPE,Jasuindo Tiga Perkasa Tbk,Perindustrian,Jasa Perindustrian,403,true,true,AVAILABLE,ACTIVE_60D,TOP900_TRADEABLE_COMPOSITE,CURRENT_TOP900_NOT_HISTORICAL,true
2026-09-09,TPMA,Trans Power Marine Tbk,Energi,"Minyak, Gas & Batu Bara",404,true,true,AVAILABLE,ACTIVE_60D,TOP900_TRADEABLE_COMPOSITE,CURRENT_TOP900_NOT_HISTORICAL,true
2026-09-09,JAWA,Jaya Agra Wattie Tbk,Barang Konsumen Primer,Makanan & Minuman,405,true,true,AVAILABLE,ACTIVE_60D,TOP900_TRADEABLE_COMPOSITE,CURRENT_TOP900_NOT_HISTORICAL,true
2026-09-09,DRMA,PT Dharma Polimetal Tbk,Barang Konsumen Non-Primer,Otomotif & Komponen Otomotif,406,true,true,AVAILABLE,ACTIVE_60D,TOP900_TRADEABLE_COMPOSITE,CURRENT_TOP900_NOT_HISTORICAL,true
2026-09-09,DOSS,PT Global Sukses Digital Tbk,Barang Konsumen Non-Primer,Barang Rekreasi,407,true,true,AVAILABLE,ACTIVE_60D,TOP900_TRADEABLE_COMPOSITE,CURRENT_TOP900_NOT_HISTORICAL,true
2026-09-09,WEHA,PT WEHA Transportasi Indonesia Tbk,Transportasi & Logistik,Transportasi,408,true,true,AVAILABLE,ACTIVE_60D,TOP900_TRADEABLE_COMPOSITE,CURRENT_TOP900_NOT_HISTORICAL,true
2026-09-09,AGRO,PT Bank Raya Indonesia Tbk,Keuangan,Bank,409,true,true,AVAILABLE,ACTIVE_60D,TOP900_TRADEABLE_COMPOSITE,CURRENT_TOP900_NOT_HISTORICAL,true
2026-09-09,PPRI,PT Paperocks Indonesia Tbk.,Barang Baku,Barang Baku,410,true,true,AVAILABLE,ACTIVE_60D,TOP900_TRADEABLE_COMPOSITE,CURRENT_TOP900_NOT_HISTORICAL,true
2026-09-09,SILO,PT Siloam International Hospitals Tbk.,Kesehatan,Jasa & Peralatan Kesehatan,411,true,true,AVAILABLE,ACTIVE_60D,TOP900_TRADEABLE_COMPOSITE,CURRENT_TOP900_NOT_HISTORICAL,true
2026-09-09,MHKI,PT Multi Hanna Kreasindo Tbk,Perindustrian,Jasa Perindustrian,412,true,true,AVAILABLE,ACTIVE_60D,TOP900_TRADEABLE_COMPOSITE,CURRENT_TOP900_NOT_HISTORICAL,true
2026-09-09,WOOD,PT Integra Indocabinet Tbk,Barang Konsumen Non-Primer,Barang Rumah Tangga,413,true,true,AVAILABLE,ACTIVE_60D,TOP900_TRADEABLE_COMPOSITE,CURRENT_TOP900_NOT_HISTORICAL,true
2026-09-09,IMJS,PT Indomobil Multi Jasa Tbk.,Transportasi & Logistik,Transportasi,414,true,true,AVAILABLE,ACTIVE_60D,TOP900_TRADEABLE_COMPOSITE,CURRENT_TOP900_NOT_HISTORICAL,true
2026-09-09,MGNA,PT Magna Investama Mandiri Tbk,Barang Konsumen Non-Primer,Jasa Konsumen,415,true,true,AVAILABLE,ACTIVE_60D,TOP900_TRADEABLE_COMPOSITE,CURRENT_TOP900_NOT_HISTORICAL,true
2026-09-09,WMPP,PT Widodo Makmur Perkasa Tbk,Barang Konsumen Primer,Makanan & Minuman,416,true,true,AVAILABLE,ACTIVE_60D,TOP900_TRADEABLE_COMPOSITE,CURRENT_TOP900_NOT_HISTORICAL,true
2026-09-09,HAJJ,PT Arsy Buana Travelindo Tbk,Barang Konsumen Non-Primer,Jasa Konsumen,417,true,true,AVAILABLE,ACTIVE_60D,TOP900_TRADEABLE_COMPOSITE,CURRENT_TOP900_NOT_HISTORICAL,true
2026-09-09,ATAP,PT Trimitra Prawara Goldland Tbk,Properti & Real Estat,Properti & Real Estat,418,true,true,AVAILABLE,ACTIVE_60D,TOP900_TRADEABLE_COMPOSITE,CURRENT_TOP900_NOT_HISTORICAL,true
2026-09-09,SOFA,PT Solusi Environment Asia Tbk,Barang Konsumen Non-Primer,Barang Rumah Tangga,419,true,true,AVAILABLE,ACTIVE_60D,TOP900_TRADEABLE_COMPOSITE,CURRENT_TOP900_NOT_HISTORICAL,true
2026-09-09,BGTG,PT Bank Ganesha Tbk.,Keuangan,Bank,420,true,true,AVAILABLE,ACTIVE_60D,TOP900_TRADEABLE_COMPOSITE,CURRENT_TOP900_NOT_HISTORICAL,true
2026-09-09,IPCC,PT Indonesia Kendaraan Terminal Tbk.,Infrastruktur,Infrastruktur Transportasi,421,true,true,AVAILABLE,ACTIVE_60D,TOP900_TRADEABLE_COMPOSITE,CURRENT_TOP900_NOT_HISTORICAL,true
2026-09-09,DAAZ,PT Daaz Bara Lestari Tbk,Barang Baku,Barang Baku,422,true,true,AVAILABLE,ACTIVE_60D,TOP900_TRADEABLE_COMPOSITE,CURRENT_TOP900_NOT_HISTORICAL,true
2026-09-09,PANS,Panin Sekuritas Tbk,Keuangan,Jasa Investasi,423,true,true,AVAILABLE,ACTIVE_60D,TOP900_TRADEABLE_COMPOSITE,CURRENT_TOP900_NOT_HISTORICAL,true
2026-09-09,BLUE,PT Berkah Prima Perkasa Tbk,Perindustrian,Jasa Perindustrian,424,true,true,AVAILABLE,ACTIVE_60D,TOP900_TRADEABLE_COMPOSITE,CURRENT_TOP900_NOT_HISTORICAL,true
2026-09-09,PICO,Pelangi Indah Canindo Tbk,Barang Baku,Barang Baku,425,true,true,AVAILABLE,ACTIVE_60D,TOP900_TRADEABLE_COMPOSITE,CURRENT_TOP900_NOT_HISTORICAL,true
2026-09-09,SURI,PT Maja Agung Latexindo Tbk.,Kesehatan,Jasa & Peralatan Kesehatan,426,true,true,AVAILABLE,ACTIVE_60D,TOP900_TRADEABLE_COMPOSITE,CURRENT_TOP900_NOT_HISTORICAL,true
2026-09-09,ECII,PT Electronic City Indonesia Tbk.,Barang Konsumen Non-Primer,Perdagangan Ritel,427,true,true,AVAILABLE,ACTIVE_60D,TOP900_TRADEABLE_COMPOSITE,CURRENT_TOP900_NOT_HISTORICAL,true
2026-09-09,MITI,Mitra Investindo Tbk,Transportasi & Logistik,Logistik & Pengantaran,428,true,true,AVAILABLE,ACTIVE_60D,TOP900_TRADEABLE_COMPOSITE,CURRENT_TOP900_NOT_HISTORICAL,true
2026-09-09,IBOS,PT Indo Boga Sukses Tbk,Barang Konsumen Primer,Makanan & Minuman,429,true,true,AVAILABLE,ACTIVE_60D,TOP900_TRADEABLE_COMPOSITE,CURRENT_TOP900_NOT_HISTORICAL,true
2026-09-09,TLDN,PT Teladan Prima Agro Tbk,Barang Konsumen Primer,Makanan & Minuman,430,true,true,AVAILABLE,ACTIVE_60D,TOP900_TRADEABLE_COMPOSITE,CURRENT_TOP900_NOT_HISTORICAL,true
2026-09-09,BOAT,PT Newport Marine Services Tbk,Energi,"Minyak, Gas & Batu Bara",431,true,true,AVAILABLE,ACTIVE_60D,TOP900_TRADEABLE_COMPOSITE,CURRENT_TOP900_NOT_HISTORICAL,true
2026-09-09,LABS,PT UBC Medical Indonesia Tbk,Kesehatan,Jasa & Peralatan Kesehatan,432,true,true,AVAILABLE,ACTIVE_60D,TOP900_TRADEABLE_COMPOSITE,CURRENT_TOP900_NOT_HISTORICAL,true
2026-09-09,BTEK,Bumi Teknokultura Unggul Tbk,Barang Konsumen Primer,Makanan & Minuman,433,true,true,AVAILABLE,ACTIVE_60D,TOP900_TRADEABLE_COMPOSITE,CURRENT_TOP900_NOT_HISTORICAL,true
2026-09-09,DSFI,Dharma Samudera Fishing Ind. Tbk,Barang Konsumen Primer,Makanan & Minuman,434,true,true,AVAILABLE,ACTIVE_60D,TOP900_TRADEABLE_COMPOSITE,CURRENT_TOP900_NOT_HISTORICAL,true
2026-09-09,ASLC,PT Autopedia Sukses Lestari Tbk,Barang Konsumen Non-Primer,Perdagangan Ritel,435,true,true,AVAILABLE,ACTIVE_60D,TOP900_TRADEABLE_COMPOSITE,CURRENT_TOP900_NOT_HISTORICAL,true
2026-09-09,DOID,PT BUMA Internasional Grup Tbk,Energi,"Minyak, Gas & Batu Bara",436,true,true,AVAILABLE,ACTIVE_60D,TOP900_TRADEABLE_COMPOSITE,CURRENT_TOP900_NOT_HISTORICAL,true
2026-09-09,RICY,Ricky Putra Globalindo Tbk,Barang Konsumen Non-Primer,Pakaian & Barang Mewah,437,true,true,AVAILABLE,ACTIVE_60D,TOP900_TRADEABLE_COMPOSITE,CURRENT_TOP900_NOT_HISTORICAL,true
2026-09-09,MPPA,Matahari Putra Prima Tbk,Barang Konsumen Primer,Perdagangan Ritel Barang Primer,438,true,true,AVAILABLE,ACTIVE_60D,TOP900_TRADEABLE_COMPOSITE,CURRENT_TOP900_NOT_HISTORICAL,true
2026-09-09,ADHI,PT Adhi Karya (Persero) Tbk.,Infrastruktur,Konstruksi Bangunan,439,true,true,AVAILABLE,ACTIVE_60D,TOP900_TRADEABLE_COMPOSITE,CURRENT_TOP900_NOT_HISTORICAL,true
2026-09-09,WINR,PT Winner Nusantara Jaya Tbk,Properti & Real Estat,Properti & Real Estat,440,true,true,AVAILABLE,ACTIVE_60D,TOP900_TRADEABLE_COMPOSITE,CURRENT_TOP900_NOT_HISTORICAL,true
2026-09-09,PBSA,PT Paramita Bangun Sarana Tbk,Infrastruktur,Konstruksi Bangunan,441,true,true,AVAILABLE,ACTIVE_60D,TOP900_TRADEABLE_COMPOSITE,CURRENT_TOP900_NOT_HISTORICAL,true
2026-09-09,BCIP,Bumi Citra Permai Tbk,Properti & Real Estat,Properti & Real Estat,442,true,true,AVAILABLE,ACTIVE_60D,TOP900_TRADEABLE_COMPOSITE,CURRENT_TOP900_NOT_HISTORICAL,true
2026-09-09,CASS,Cahaya Aero Services Tbk,Infrastruktur,Infrastruktur Transportasi,443,true,true,AVAILABLE,ACTIVE_60D,TOP900_TRADEABLE_COMPOSITE,CURRENT_TOP900_NOT_HISTORICAL,true
2026-09-09,NOBU,PT Bank Nationalnobu Tbk.,Keuangan,Bank,444,true,true,AVAILABLE,ACTIVE_60D,TOP900_TRADEABLE_COMPOSITE,CURRENT_TOP900_NOT_HISTORICAL,true
2026-09-09,JRPT,Jaya Real Property Tbk,Properti & Real Estat,Properti & Real Estat,445,true,true,AVAILABLE,ACTIVE_60D,TOP900_TRADEABLE_COMPOSITE,CURRENT_TOP900_NOT_HISTORICAL,true
2026-09-09,LUCK,PT Sentral Mitra Informatika Tbk.,Teknologi,Perangkat Keras & Peralatan Teknologi,446,true,true,AVAILABLE,ACTIVE_60D,TOP900_TRADEABLE_COMPOSITE,CURRENT_TOP900_NOT_HISTORICAL,true
2026-09-09,TRUE,PT Triniti Dinamik Tbk,Properti & Real Estat,Properti & Real Estat,447,true,false,AVAILABLE,SPORADIC_60D,TOP900_TRADEABLE_COMPOSITE,CURRENT_TOP900_NOT_HISTORICAL,true
2026-09-09,MSIE,PT Multisarana Intan Eduka Tbk,Properti & Real Estat,Properti & Real Estat,448,true,true,AVAILABLE,ACTIVE_60D,TOP900_TRADEABLE_COMPOSITE,CURRENT_TOP900_NOT_HISTORICAL,true
2026-09-09,ACRO,PT Samcro Hyosung Adilestari Tbk.,Barang Konsumen Non-Primer,Pakaian & Barang Mewah,449,true,true,AVAILABLE,ACTIVE_60D,TOP900_TRADEABLE_COMPOSITE,CURRENT_TOP900_NOT_HISTORICAL,true
2026-09-09,NASI,PT Wahana Inti Makmur Tbk,Barang Konsumen Primer,Makanan & Minuman,450,true,true,AVAILABLE,ACTIVE_60D,TOP900_TRADEABLE_COMPOSITE,CURRENT_TOP900_NOT_HISTORICAL,true
2026-09-09,ALII,PT Ancara Logistics Indonesia Tbk,Energi,"Minyak, Gas & Batu Bara",451,true,true,AVAILABLE,ACTIVE_60D,TOP900_TRADEABLE_COMPOSITE,CURRENT_TOP900_NOT_HISTORICAL,true
2026-09-09,GRPM,PT Graha Prima Mentari Tbk.,Barang Konsumen Primer,Makanan & Minuman,452,true,true,AVAILABLE,ACTIVE_60D,TOP900_TRADEABLE_COMPOSITE,CURRENT_TOP900_NOT_HISTORICAL,true
2026-09-09,SAME,Sarana Meditama Metropolitan Tbk,Kesehatan,Jasa & Peralatan Kesehatan,453,true,true,AVAILABLE,ACTIVE_60D,TOP900_TRADEABLE_COMPOSITE,CURRENT_TOP900_NOT_HISTORICAL,true
2026-09-09,LIVE,PT Homeco Victoria Makmur Tbk,Barang Konsumen Non-Primer,Barang Rumah Tangga,454,true,true,AVAILABLE,ACTIVE_60D,TOP900_TRADEABLE_COMPOSITE,CURRENT_TOP900_NOT_HISTORICAL,true
2026-09-09,TMAS,PT Temas Tbk.,Transportasi & Logistik,Logistik & Pengantaran,455,true,true,AVAILABLE,ACTIVE_60D,TOP900_TRADEABLE_COMPOSITE,CURRENT_TOP900_NOT_HISTORICAL,true
2026-09-09,PTPW,PT Pratama Widya Tbk.,Infrastruktur,Konstruksi Bangunan,456,true,true,AVAILABLE,ACTIVE_60D,TOP900_TRADEABLE_COMPOSITE,CURRENT_TOP900_NOT_HISTORICAL,true
2026-09-09,PBID,PT Panca Budi Idaman Tbk,Barang Baku,Barang Baku,457,true,true,AVAILABLE,ACTIVE_60D,TOP900_TRADEABLE_COMPOSITE,CURRENT_TOP900_NOT_HISTORICAL,true
2026-09-09,TRUK,PT Guna Timur Raya Tbk.,Transportasi & Logistik,Logistik & Pengantaran,458,true,true,AVAILABLE,ACTIVE_60D,TOP900_TRADEABLE_COMPOSITE,CURRENT_TOP900_NOT_HISTORICAL,true
2026-09-09,KLAS,PT Pelayaran Kurnia Lautan Semesta Tbk,Transportasi & Logistik,Logistik & Pengantaran,459,true,true,AVAILABLE,ACTIVE_60D,TOP900_TRADEABLE_COMPOSITE,CURRENT_TOP900_NOT_HISTORICAL,true
2026-09-09,SICO,PT Sigma Energy Compressindo Tbk,Energi,"Minyak, Gas & Batu Bara",460,true,true,AVAILABLE,ACTIVE_60D,TOP900_TRADEABLE_COMPOSITE,CURRENT_TOP900_NOT_HISTORICAL,true
2026-09-09,TNCA,PT Trimuda Nuansa Citra Tbk.,Transportasi & Logistik,Logistik & Pengantaran,461,true,true,AVAILABLE,ACTIVE_60D,TOP900_TRADEABLE_COMPOSITE,CURRENT_TOP900_NOT_HISTORICAL,true
2026-09-09,DGIK,Nusa Konstruksi Enjiniring  Tbk,Infrastruktur,Konstruksi Bangunan,462,true,true,AVAILABLE,ACTIVE_60D,TOP900_TRADEABLE_COMPOSITE,CURRENT_TOP900_NOT_HISTORICAL,true
2026-09-09,MDIY,PT Daya Intiguna Yasa Tbk,Barang Konsumen Non-Primer,Perdagangan Ritel,463,true,true,AVAILABLE,ACTIVE_60D,TOP900_TRADEABLE_COMPOSITE,CURRENT_TOP900_NOT_HISTORICAL,true
2026-09-09,AREA,PT Dunia Virtual Online Tbk,Teknologi,Perangkat Lunak & Jasa TI,464,true,true,AVAILABLE,ACTIVE_60D,TOP900_TRADEABLE_COMPOSITE,CURRENT_TOP900_NOT_HISTORICAL,true
2026-09-09,POLA,PT Pool Advista Finance Tbk.,Keuangan,Jasa Pembiayaan,465,true,true,AVAILABLE,ACTIVE_60D,TOP900_TRADEABLE_COMPOSITE,CURRENT_TOP900_NOT_HISTORICAL,true
2026-09-09,UCID,PT Uni-Charm Indonesia Tbk.,Barang Konsumen Primer,Produk Rumah Tangga Tidak Tahan Lama,466,true,true,AVAILABLE,ACTIVE_60D,TOP900_TRADEABLE_COMPOSITE,CURRENT_TOP900_NOT_HISTORICAL,true
2026-09-09,ISSP,PT Steel Pipe Industry of Indonesia Tbk,Barang Baku,Barang Baku,467,true,true,AVAILABLE,ACTIVE_60D,TOP900_TRADEABLE_COMPOSITE,CURRENT_TOP900_NOT_HISTORICAL,true
2026-09-09,BCIC,PT Bank JTrust Indonesia Tbk.,Keuangan,Bank,468,true,true,AVAILABLE,ACTIVE_60D,TOP900_TRADEABLE_COMPOSITE,CURRENT_TOP900_NOT_HISTORICAL,true
2026-09-09,INOV,PT Inocycle Technology Group Tbk.,Barang Konsumen Non-Primer,Pakaian & Barang Mewah,469,true,true,AVAILABLE,ACTIVE_60D,TOP900_TRADEABLE_COMPOSITE,CURRENT_TOP900_NOT_HISTORICAL,true
2026-09-09,LOPI,PT Logisticsplus International Tbk,Transportasi & Logistik,Logistik & Pengantaran,470,true,true,AVAILABLE,ACTIVE_60D,TOP900_TRADEABLE_COMPOSITE,CURRENT_TOP900_NOT_HISTORICAL,true
2026-09-09,MAHA,PT Mandiri Herindo Adiperkasa Tbk,Energi,"Minyak, Gas & Batu Bara",471,true,true,AVAILABLE,ACTIVE_60D,TOP900_TRADEABLE_COMPOSITE,CURRENT_TOP900_NOT_HISTORICAL,true
2026-09-09,ERTX,Eratex Djaja Tbk,Barang Konsumen Non-Primer,Pakaian & Barang Mewah,472,true,true,AVAILABLE,ACTIVE_60D,TOP900_TRADEABLE_COMPOSITE,CURRENT_TOP900_NOT_HISTORICAL,true
2026-09-09,CARS,PT Industri dan Perdagangan Bintraco Dharma Tbk,Barang Konsumen Non-Primer,Perdagangan Ritel,473,true,true,AVAILABLE,ACTIVE_60D,TOP900_TRADEABLE_COMPOSITE,CURRENT_TOP900_NOT_HISTORICAL,true
2026-09-09,GEMS,Golden Energy Mines Tbk,Energi,"Minyak, Gas & Batu Bara",474,true,true,AVAILABLE,ACTIVE_60D,TOP900_TRADEABLE_COMPOSITE,CURRENT_TOP900_NOT_HISTORICAL,true
2026-09-09,CASH,PT Cashlez Worldwide Indonesia Tbk.,Teknologi,Perangkat Lunak & Jasa TI,475,true,true,AVAILABLE,ACTIVE_60D,TOP900_TRADEABLE_COMPOSITE,CURRENT_TOP900_NOT_HISTORICAL,true
2026-09-09,CSIS,PT Cahayasakti Investindo Sukses Tbk,Properti & Real Estat,Properti & Real Estat,476,true,true,AVAILABLE,ACTIVE_60D,TOP900_TRADEABLE_COMPOSITE,CURRENT_TOP900_NOT_HISTORICAL,true
2026-09-09,AWAN,PT Era Digital Media Tbk,Teknologi,Perangkat Lunak & Jasa TI,477,true,true,AVAILABLE,ACTIVE_60D,TOP900_TRADEABLE_COMPOSITE,CURRENT_TOP900_NOT_HISTORICAL,true
2026-09-09,CGAS,PT Citra Nusantara Gemilang Tbk.,Energi,"Minyak, Gas & Batu Bara",478,true,true,AVAILABLE,ACTIVE_60D,TOP900_TRADEABLE_COMPOSITE,CURRENT_TOP900_NOT_HISTORICAL,true
2026-09-09,NINE,PT Techno9 Indonesia Tbk,Teknologi,Perangkat Keras & Peralatan Teknologi,479,true,true,AVAILABLE,ACTIVE_60D,TOP900_TRADEABLE_COMPOSITE,CURRENT_TOP900_NOT_HISTORICAL,true
2026-09-09,SMMT,GOLDEN EAGLE ENERGY Tbk,Energi,"Minyak, Gas & Batu Bara",480,true,true,AVAILABLE,ACTIVE_60D,TOP900_TRADEABLE_COMPOSITE,CURRENT_TOP900_NOT_HISTORICAL,true
2026-09-09,AYLS,PT Arkayana Lestari Grup Tbk,Barang Baku,Barang Baku,481,true,true,AVAILABLE,ACTIVE_60D,TOP900_TRADEABLE_COMPOSITE,CURRENT_TOP900_NOT_HISTORICAL,true
2026-09-09,IRRA,PT Itama Ranoraya Tbk.,Kesehatan,Jasa & Peralatan Kesehatan,482,true,true,AVAILABLE,ACTIVE_60D,TOP900_TRADEABLE_COMPOSITE,CURRENT_TOP900_NOT_HISTORICAL,true
2026-09-09,CHEK,PT Diastika Biotekindo Tbk,Kesehatan,Jasa & Peralatan Kesehatan,483,true,true,AVAILABLE,ACTIVE_60D,TOP900_TRADEABLE_COMPOSITE,CURRENT_TOP900_NOT_HISTORICAL,true
2026-09-09,AGII,PT Samator Indo Gas Tbk,Barang Baku,Barang Baku,484,true,true,AVAILABLE,ACTIVE_60D,TOP900_TRADEABLE_COMPOSITE,CURRENT_TOP900_NOT_HISTORICAL,true
2026-09-09,HOMI,PT Grand House Mulia Tbk,Properti & Real Estat,Properti & Real Estat,485,true,true,AVAILABLE,ACTIVE_60D,TOP900_TRADEABLE_COMPOSITE,CURRENT_TOP900_NOT_HISTORICAL,true
2026-09-09,YOII,PT Asuransi Digital Bersama Tbk,Keuangan,Asuransi,486,true,true,AVAILABLE,ACTIVE_60D,TOP900_TRADEABLE_COMPOSITE,CURRENT_TOP900_NOT_HISTORICAL,true
2026-09-09,PPGL,PT Prima Globalindo Logistik Tbk.,Transportasi & Logistik,Logistik & Pengantaran,487,true,true,AVAILABLE,ACTIVE_60D,TOP900_TRADEABLE_COMPOSITE,CURRENT_TOP900_NOT_HISTORICAL,true
2026-09-09,IMAS,Indomobil Sukses Internasional Tbk,Barang Konsumen Non-Primer,Perdagangan Ritel,488,true,true,AVAILABLE,ACTIVE_60D,TOP900_TRADEABLE_COMPOSITE,CURRENT_TOP900_NOT_HISTORICAL,true
2026-09-09,WTON,Wijaya Karya Beton,Barang Baku,Barang Baku,489,true,true,AVAILABLE,ACTIVE_60D,TOP900_TRADEABLE_COMPOSITE,CURRENT_TOP900_NOT_HISTORICAL,true
2026-09-09,BNBA,Bank Bumi Arta Tbk,Keuangan,Bank,490,true,true,AVAILABLE,ACTIVE_60D,TOP900_TRADEABLE_COMPOSITE,CURRENT_TOP900_NOT_HISTORICAL,true
2026-09-09,ISAP,PT Isra Presisi Indonesia Tbk,Barang Konsumen Non-Primer,Otomotif & Komponen Otomotif,491,true,true,AVAILABLE,ACTIVE_60D,TOP900_TRADEABLE_COMPOSITE,CURRENT_TOP900_NOT_HISTORICAL,true
2026-09-09,NAIK,PT Adiwarna Anugerah Abadi Tbk,Perindustrian,Jasa Perindustrian,492,true,true,AVAILABLE,ACTIVE_60D,TOP900_TRADEABLE_COMPOSITE,CURRENT_TOP900_NOT_HISTORICAL,true
2026-09-09,ZONE,PT Mega Perintis Tbk.,Barang Konsumen Non-Primer,Perdagangan Ritel,493,true,true,AVAILABLE,ACTIVE_60D,TOP900_TRADEABLE_COMPOSITE,CURRENT_TOP900_NOT_HISTORICAL,true
2026-09-09,KKGI,Resource Alam Indonesia Tbk,Energi,"Minyak, Gas & Batu Bara",494,true,true,AVAILABLE,ACTIVE_60D,TOP900_TRADEABLE_COMPOSITE,CURRENT_TOP900_NOT_HISTORICAL,true
2026-09-09,INAI,Indal Aluminium Industry Tbk,Barang Baku,Barang Baku,495,true,true,AVAILABLE,ACTIVE_60D,TOP900_TRADEABLE_COMPOSITE,CURRENT_TOP900_NOT_HISTORICAL,true
2026-09-09,DYAN,PT Dyandra Media International Tbk.,Perindustrian,Jasa Perindustrian,496,true,true,AVAILABLE,ACTIVE_60D,TOP900_TRADEABLE_COMPOSITE,CURRENT_TOP900_NOT_HISTORICAL,true
2026-09-09,ADMF,Adira Dinamika Multi Finance Tbk,Keuangan,Jasa Pembiayaan,497,true,true,AVAILABLE,ACTIVE_60D,TOP900_TRADEABLE_COMPOSITE,CURRENT_TOP900_NOT_HISTORICAL,true
2026-09-09,KOPI,PT Mitra Energi Persada Tbk,Energi,"Minyak, Gas & Batu Bara",498,true,true,AVAILABLE,ACTIVE_60D,TOP900_TRADEABLE_COMPOSITE,CURRENT_TOP900_NOT_HISTORICAL,true
2026-09-09,MINE,PT Sinar Terang Mandiri Tbk,Barang Baku,Barang Baku,499,true,true,AVAILABLE,ACTIVE_60D,TOP900_TRADEABLE_COMPOSITE,CURRENT_TOP900_NOT_HISTORICAL,true
2026-09-09,PGUN,PT Pradiksi Gunatama Tbk,Barang Konsumen Primer,Makanan & Minuman,500,true,true,AVAILABLE,ACTIVE_60D,TOP900_TRADEABLE_COMPOSITE,CURRENT_TOP900_NOT_HISTORICAL,true
2026-09-09,GOLF,PT Intra GolfLink Resorts Tbk,Barang Konsumen Non-Primer,Jasa Konsumen,501,true,true,AVAILABLE,ACTIVE_60D,TOP900_TRADEABLE_COMPOSITE,CURRENT_TOP900_NOT_HISTORICAL,true
2026-09-09,INDS,Indospring Tbk,Barang Konsumen Non-Primer,Otomotif & Komponen Otomotif,502,true,true,AVAILABLE,ACTIVE_60D,TOP900_TRADEABLE_COMPOSITE,CURRENT_TOP900_NOT_HISTORICAL,true
2026-09-09,SMAR,PT Sinar Mas Agro Resources and Technology Tbk,Barang Konsumen Primer,Makanan & Minuman,503,true,true,AVAILABLE,ACTIVE_60D,TOP900_TRADEABLE_COMPOSITE,CURRENT_TOP900_NOT_HISTORICAL,true
2026-09-09,PURI,PT Puri Global Sukses Tbk,Properti & Real Estat,Properti & Real Estat,504,true,true,AVAILABLE,ACTIVE_60D,TOP900_TRADEABLE_COMPOSITE,CURRENT_TOP900_NOT_HISTORICAL,true
2026-09-09,VRNA,PT Mizuho Leasing Indonesia Tbk,Keuangan,Jasa Pembiayaan,505,true,true,AVAILABLE,ACTIVE_60D,TOP900_TRADEABLE_COMPOSITE,CURRENT_TOP900_NOT_HISTORICAL,true
2026-09-09,PJHB,PT Pelayaran Jaya Hidup Baru Tbk,Transportasi & Logistik,Logistik & Pengantaran,506,true,true,AVAILABLE,ACTIVE_60D,TOP900_TRADEABLE_COMPOSITE,CURRENT_TOP900_NOT_HISTORICAL,true
2026-09-09,BOBA,PT Formosa Ingredient Factory Tbk,Barang Konsumen Primer,Makanan & Minuman,507,true,true,AVAILABLE,ACTIVE_60D,TOP900_TRADEABLE_COMPOSITE,CURRENT_TOP900_NOT_HISTORICAL,true
2026-09-09,PTPS,PT Pulau Subur Tbk.,Barang Konsumen Primer,Makanan & Minuman,508,true,true,AVAILABLE,ACTIVE_60D,TOP900_TRADEABLE_COMPOSITE,CURRENT_TOP900_NOT_HISTORICAL,true
2026-09-09,SPTO,PT Surya Pertiwi Tbk,Perindustrian,Barang Perindustrian,509,true,true,AVAILABLE,ACTIVE_60D,TOP900_TRADEABLE_COMPOSITE,CURRENT_TOP900_NOT_HISTORICAL,true
2026-09-09,DLTA,Delta Djakarta Tbk,Barang Konsumen Primer,Makanan & Minuman,510,true,true,AVAILABLE,ACTIVE_60D,TOP900_TRADEABLE_COMPOSITE,CURRENT_TOP900_NOT_HISTORICAL,true
2026-09-09,ROTI,PT Nippon Indosari Corpindo Tbk,Barang Konsumen Primer,Makanan & Minuman,511,true,true,AVAILABLE,ACTIVE_60D,TOP900_TRADEABLE_COMPOSITE,CURRENT_TOP900_NOT_HISTORICAL,true
2026-09-09,BACA,PT Bank Capital Indonesia Tbk,Keuangan,Bank,512,true,true,AVAILABLE,ACTIVE_60D,TOP900_TRADEABLE_COMPOSITE,CURRENT_TOP900_NOT_HISTORICAL,true
2026-09-09,CITY,PT Natura City Developments Tbk.,Properti & Real Estat,Properti & Real Estat,513,true,true,AVAILABLE,ACTIVE_60D,TOP900_TRADEABLE_COMPOSITE,CURRENT_TOP900_NOT_HISTORICAL,true
2026-09-09,DART,Duta Anggada Realty Tbk,Properti & Real Estat,Properti & Real Estat,514,true,true,AVAILABLE,ACTIVE_60D,TOP900_TRADEABLE_COMPOSITE,CURRENT_TOP900_NOT_HISTORICAL,true
2026-09-09,CLPI,Colorpak Indonesia Tbk,Barang Baku,Barang Baku,515,true,true,AVAILABLE,ACTIVE_60D,TOP900_TRADEABLE_COMPOSITE,CURRENT_TOP900_NOT_HISTORICAL,true
2026-09-09,BELI,PT Global Digital Niaga Tbk,Teknologi,Perangkat Lunak & Jasa TI,516,true,true,AVAILABLE,ACTIVE_60D,TOP900_TRADEABLE_COMPOSITE,CURRENT_TOP900_NOT_HISTORICAL,true
2026-09-09,TAXI,Express Transindo Utama Tbk,Transportasi & Logistik,Transportasi,517,true,true,AVAILABLE,ACTIVE_60D,TOP900_TRADEABLE_COMPOSITE,CURRENT_TOP900_NOT_HISTORICAL,true
2026-09-09,ASPI,PT Andalan Sakti Primaindo Tbk.,Properti & Real Estat,Properti & Real Estat,518,true,true,AVAILABLE,ACTIVE_60D,TOP900_TRADEABLE_COMPOSITE,CURRENT_TOP900_NOT_HISTORICAL,true
2026-09-09,GWSA,PT Greenwood Sejahtera Tbk,Barang Konsumen Non-Primer,Jasa Konsumen,519,true,true,AVAILABLE,ACTIVE_60D,TOP900_TRADEABLE_COMPOSITE,CURRENT_TOP900_NOT_HISTORICAL,true
2026-09-09,SGRO,PT Prime Agri Resources Tbk,Barang Konsumen Primer,Makanan & Minuman,520,true,true,AVAILABLE,ACTIVE_60D,TOP900_TRADEABLE_COMPOSITE,CURRENT_TOP900_NOT_HISTORICAL,true
2026-09-09,MANG,PT Manggung Polahraya Tbk,Infrastruktur,Konstruksi Bangunan,521,true,true,AVAILABLE,ACTIVE_60D,TOP900_TRADEABLE_COMPOSITE,CURRENT_TOP900_NOT_HISTORICAL,true
2026-09-09,UNIQ,PT Ulima Nitra Tbk,Energi,"Minyak, Gas & Batu Bara",522,true,true,AVAILABLE,ACTIVE_60D,TOP900_TRADEABLE_COMPOSITE,CURRENT_TOP900_NOT_HISTORICAL,true
2026-09-09,SKBM,Sekar Bumi Tbk,Barang Konsumen Primer,Makanan & Minuman,523,true,true,AVAILABLE,ACTIVE_60D,TOP900_TRADEABLE_COMPOSITE,CURRENT_TOP900_NOT_HISTORICAL,true
2026-09-09,TIRA,Tira Austenite Tbk,Perindustrian,Jasa Perindustrian,524,true,true,AVAILABLE,ACTIVE_60D,TOP900_TRADEABLE_COMPOSITE,CURRENT_TOP900_NOT_HISTORICAL,true
2026-09-09,YUPI,PT Yupi Indo Jelly Gum Tbk,Barang Konsumen Primer,Makanan & Minuman,525,true,true,AVAILABLE,ACTIVE_60D,TOP900_TRADEABLE_COMPOSITE,CURRENT_TOP900_NOT_HISTORICAL,true
2026-09-09,AGRS,PT Bank IBK Indonesia Tbk.,Keuangan,Bank,526,true,true,AVAILABLE,ACTIVE_60D,TOP900_TRADEABLE_COMPOSITE,CURRENT_TOP900_NOT_HISTORICAL,true
2026-09-09,SMKM,PT Sumber Mas Konstruksi Tbk,Infrastruktur,Konstruksi Bangunan,527,true,true,AVAILABLE,ACTIVE_60D,TOP900_TRADEABLE_COMPOSITE,CURRENT_TOP900_NOT_HISTORICAL,true
2026-09-09,HGII,PT Hero Global Investment Tbk,Infrastruktur,Utilitas,528,true,true,AVAILABLE,ACTIVE_60D,TOP900_TRADEABLE_COMPOSITE,CURRENT_TOP900_NOT_HISTORICAL,true
2026-09-09,BVIC,Bank Victoria International Tbk,Keuangan,Bank,529,true,true,AVAILABLE,ACTIVE_60D,TOP900_TRADEABLE_COMPOSITE,CURRENT_TOP900_NOT_HISTORICAL,true
2026-09-09,IPCM,PT Jasa Armada Indonesia Tbk.,Infrastruktur,Infrastruktur Transportasi,530,true,true,AVAILABLE,ACTIVE_60D,TOP900_TRADEABLE_COMPOSITE,CURRENT_TOP900_NOT_HISTORICAL,true
2026-09-09,BPTR,PT Batavia Prosperindo Trans Tbk.,Transportasi & Logistik,Transportasi,531,true,true,AVAILABLE,ACTIVE_60D,TOP900_TRADEABLE_COMPOSITE,CURRENT_TOP900_NOT_HISTORICAL,true
2026-09-09,ENAK,PT Champ Resto Indonesia Tbk,Barang Konsumen Non-Primer,Jasa Konsumen,532,true,true,AVAILABLE,ACTIVE_60D,TOP900_TRADEABLE_COMPOSITE,CURRENT_TOP900_NOT_HISTORICAL,true
2026-09-09,IKBI,Sumi Indo Kabel Tbk,Perindustrian,Barang Perindustrian,533,true,true,AVAILABLE,ACTIVE_60D,TOP900_TRADEABLE_COMPOSITE,CURRENT_TOP900_NOT_HISTORICAL,true
2026-09-09,CITA,Cita Mineral Investindo Tbk,Barang Baku,Barang Baku,534,true,true,AVAILABLE,ACTIVE_60D,TOP900_TRADEABLE_COMPOSITE,CURRENT_TOP900_NOT_HISTORICAL,true
2026-09-09,CBUT,PT Citra Borneo Utama Tbk,Barang Konsumen Primer,Makanan & Minuman,535,true,true,AVAILABLE,ACTIVE_60D,TOP900_TRADEABLE_COMPOSITE,CURRENT_TOP900_NOT_HISTORICAL,true
2026-09-09,SUNI,PT Sunindo Pratama Tbk,Energi,"Minyak, Gas & Batu Bara",536,true,true,AVAILABLE,ACTIVE_60D,TOP900_TRADEABLE_COMPOSITE,CURRENT_TOP900_NOT_HISTORICAL,true
2026-09-09,ADMG,Polychem Indonesia Tbk,Barang Baku,Barang Baku,537,true,true,AVAILABLE,ACTIVE_60D,TOP900_TRADEABLE_COMPOSITE,CURRENT_TOP900_NOT_HISTORICAL,true
2026-09-09,WAPO,Wahana Pronatural Tbk,Barang Konsumen Primer,Makanan & Minuman,538,true,true,AVAILABLE,ACTIVE_60D,TOP900_TRADEABLE_COMPOSITE,CURRENT_TOP900_NOT_HISTORICAL,true
2026-09-09,TALF,PT Tunas Alfin Tbk,Barang Baku,Barang Baku,539,true,true,AVAILABLE,ACTIVE_60D,TOP900_TRADEABLE_COMPOSITE,CURRENT_TOP900_NOT_HISTORICAL,true
2026-09-09,MAXI,PT Maxindo Karya Anugerah Tbk,Barang Konsumen Primer,Makanan & Minuman,540,true,true,AVAILABLE,ACTIVE_60D,TOP900_TRADEABLE_COMPOSITE,CURRENT_TOP900_NOT_HISTORICAL,true
2026-09-09,BAPI,PT Bhakti Agung Propertindo Tbk.,Properti & Real Estat,Properti & Real Estat,541,true,true,AVAILABLE,ACTIVE_60D,TOP900_TRADEABLE_COMPOSITE,CURRENT_TOP900_NOT_HISTORICAL,true
2026-09-09,MDLN,PT Modernland Realty Tbk.,Properti & Real Estat,Properti & Real Estat,542,true,true,AVAILABLE,ACTIVE_60D,TOP900_TRADEABLE_COMPOSITE,CURRENT_TOP900_NOT_HISTORICAL,true
2026-09-09,PEHA,PT Phapros Tbk,Kesehatan,Farmasi & Riset Kesehatan,543,true,true,AVAILABLE,ACTIVE_60D,TOP900_TRADEABLE_COMPOSITE,CURRENT_TOP900_NOT_HISTORICAL,true
2026-09-09,LPPS,PT Lenox Pasifik Investama Tbk,Keuangan,Perusahaan Holding & Investasi,544,true,true,AVAILABLE,ACTIVE_60D,TOP900_TRADEABLE_COMPOSITE,CURRENT_TOP900_NOT_HISTORICAL,true
2026-09-09,PEVE,PT Penta Valent Tbk,Kesehatan,Farmasi & Riset Kesehatan,545,true,true,AVAILABLE,ACTIVE_60D,TOP900_TRADEABLE_COMPOSITE,CURRENT_TOP900_NOT_HISTORICAL,true
2026-09-09,MDLA,PT Medela Potentia Tbk,Kesehatan,Farmasi & Riset Kesehatan,546,true,true,AVAILABLE,ACTIVE_60D,TOP900_TRADEABLE_COMPOSITE,CURRENT_TOP900_NOT_HISTORICAL,true
2026-09-09,HELI,PT Jaya Trishindo Tbk,Transportasi & Logistik,Transportasi,547,true,true,AVAILABLE,ACTIVE_60D,TOP900_TRADEABLE_COMPOSITE,CURRENT_TOP900_NOT_HISTORICAL,true
2026-09-09,HDFA,Radana Bhaskara Finance Tbk,Keuangan,Jasa Pembiayaan,548,true,true,AVAILABLE,ACTIVE_60D,TOP900_TRADEABLE_COMPOSITE,CURRENT_TOP900_NOT_HISTORICAL,true
2026-09-09,BOLA,PT Bali Bintang Sejahtera Tbk.,Barang Konsumen Non-Primer,Jasa Konsumen,549,true,true,AVAILABLE,ACTIVE_60D,TOP900_TRADEABLE_COMPOSITE,CURRENT_TOP900_NOT_HISTORICAL,true
2026-09-09,RAAM,PT Tripar Multivision Plus Tbk.,Barang Konsumen Non-Primer,Media & Hiburan,550,true,true,AVAILABLE,ACTIVE_60D,TOP900_TRADEABLE_COMPOSITE,CURRENT_TOP900_NOT_HISTORICAL,true
2026-09-09,GEMA,Gema Grahasarana Tbk,Barang Konsumen Non-Primer,Barang Rumah Tangga,551,true,true,AVAILABLE,ACTIVE_60D,TOP900_TRADEABLE_COMPOSITE,CURRENT_TOP900_NOT_HISTORICAL,true
2026-09-09,DEPO,PT Caturkarda Depo Bangunan Tbk,Barang Konsumen Non-Primer,Perdagangan Ritel,552,true,true,AVAILABLE,ACTIVE_60D,TOP900_TRADEABLE_COMPOSITE,CURRENT_TOP900_NOT_HISTORICAL,true
2026-09-09,PGJO,PT Bahtera Bumi Raya Tbk,Teknologi,Perangkat Lunak & Jasa TI,553,true,true,AVAILABLE,ACTIVE_60D,TOP900_TRADEABLE_COMPOSITE,CURRENT_TOP900_NOT_HISTORICAL,true
2026-09-09,FLMC,PT Falmaco Nonwoven Industri Tbk,Barang Konsumen Primer,Produk Rumah Tangga Tidak Tahan Lama,554,true,true,AVAILABLE,ACTIVE_60D,TOP900_TRADEABLE_COMPOSITE,CURRENT_TOP900_NOT_HISTORICAL,true
2026-09-09,HYGN,PT Ecocare Indo Pasifik Tbk.,Perindustrian,Jasa Perindustrian,555,true,true,AVAILABLE,ACTIVE_60D,TOP900_TRADEABLE_COMPOSITE,CURRENT_TOP900_NOT_HISTORICAL,true
2026-09-09,LPCK,Lippo Cikarang Tbk,Properti & Real Estat,Properti & Real Estat,556,true,true,AVAILABLE,ACTIVE_60D,TOP900_TRADEABLE_COMPOSITE,CURRENT_TOP900_NOT_HISTORICAL,true
2026-09-09,BSIM,Bank Sinarmas Tbk,Keuangan,Bank,557,true,true,AVAILABLE,ACTIVE_60D,TOP900_TRADEABLE_COMPOSITE,CURRENT_TOP900_NOT_HISTORICAL,true
2026-09-09,SRAJ,Sejahteraraya Anugrahjaya Tbk,Kesehatan,Jasa & Peralatan Kesehatan,558,true,true,AVAILABLE,ACTIVE_60D,TOP900_TRADEABLE_COMPOSITE,CURRENT_TOP900_NOT_HISTORICAL,true
2026-09-09,IKAI,Intikeramik Alamasri Industri Tbk,Perindustrian,Barang Perindustrian,559,true,true,AVAILABLE,ACTIVE_60D,TOP900_TRADEABLE_COMPOSITE,CURRENT_TOP900_NOT_HISTORICAL,true
2026-09-09,FITT,PT Fortune Resources Investment Tbk,Barang Konsumen Non-Primer,Jasa Konsumen,560,true,true,AVAILABLE,ACTIVE_60D,TOP900_TRADEABLE_COMPOSITE,CURRENT_TOP900_NOT_HISTORICAL,true
2026-09-09,JECC,Jembo Cable Company Tbk,Perindustrian,Barang Perindustrian,561,true,true,AVAILABLE,ACTIVE_60D,TOP900_TRADEABLE_COMPOSITE,CURRENT_TOP900_NOT_HISTORICAL,true
2026-09-09,WIDI,PT Widiant Jaya Krenindo Tbk.,Perindustrian,Barang Perindustrian,562,true,true,AVAILABLE,ACTIVE_60D,TOP900_TRADEABLE_COMPOSITE,CURRENT_TOP900_NOT_HISTORICAL,true
2026-09-09,HBAT,PT Minahasa Membangun Hebat Tbk,Properti & Real Estat,Properti & Real Estat,563,true,true,AVAILABLE,ACTIVE_60D,TOP900_TRADEABLE_COMPOSITE,CURRENT_TOP900_NOT_HISTORICAL,true
2026-09-09,DGNS,PT Diagnos Laboratorium Utama Tbk,Kesehatan,Jasa & Peralatan Kesehatan,564,true,true,AVAILABLE,ACTIVE_60D,TOP900_TRADEABLE_COMPOSITE,CURRENT_TOP900_NOT_HISTORICAL,true
2026-09-09,BMBL,PT Lavender Bina Cendikia Tbk,Barang Konsumen Non-Primer,Jasa Konsumen,565,true,true,AVAILABLE,ACTIVE_60D,TOP900_TRADEABLE_COMPOSITE,CURRENT_TOP900_NOT_HISTORICAL,true
2026-09-09,NELY,Pelayaran Nelly Dwi Putri Tbk,Transportasi & Logistik,Logistik & Pengantaran,566,true,true,AVAILABLE,ACTIVE_60D,TOP900_TRADEABLE_COMPOSITE,CURRENT_TOP900_NOT_HISTORICAL,true
2026-09-09,PZZA,PT Sarimelati Kencana Tbk.,Barang Konsumen Non-Primer,Jasa Konsumen,567,true,true,AVAILABLE,ACTIVE_60D,TOP900_TRADEABLE_COMPOSITE,CURRENT_TOP900_NOT_HISTORICAL,true
2026-09-09,PMJS,PT Putra Mandiri Jembar Tbk,Barang Konsumen Non-Primer,Perdagangan Ritel,568,true,true,AVAILABLE,ACTIVE_60D,TOP900_TRADEABLE_COMPOSITE,CURRENT_TOP900_NOT_HISTORICAL,true
2026-09-09,ALKA,Alakasa Industrindo Tbk,Barang Baku,Barang Baku,569,true,true,AVAILABLE,ACTIVE_60D,TOP900_TRADEABLE_COMPOSITE,CURRENT_TOP900_NOT_HISTORICAL,true
2026-09-09,COAL,PT Black Diamond Resources Tbk,Energi,"Minyak, Gas & Batu Bara",570,true,true,AVAILABLE,SPORADIC_60D,TOP900_TRADEABLE_COMPOSITE,CURRENT_TOP900_NOT_HISTORICAL,true
2026-09-09,ARGO,Argo Pantes Tbk,Properti & Real Estat,Properti & Real Estat,571,true,true,AVAILABLE,ACTIVE_60D,TOP900_TRADEABLE_COMPOSITE,CURRENT_TOP900_NOT_HISTORICAL,true
2026-09-09,BISI,BISI INTERNATIONAL Tbk,Barang Konsumen Primer,Makanan & Minuman,572,true,true,AVAILABLE,ACTIVE_60D,TOP900_TRADEABLE_COMPOSITE,CURRENT_TOP900_NOT_HISTORICAL,true
2026-09-09,BNLI,Bank Permata Tbk,Keuangan,Bank,573,true,true,AVAILABLE,ACTIVE_60D,TOP900_TRADEABLE_COMPOSITE,CURRENT_TOP900_NOT_HISTORICAL,true
2026-09-09,AKSI,PT Mineral Sumberdaya Mandiri Tbk,Transportasi & Logistik,Logistik & Pengantaran,574,true,true,AVAILABLE,ACTIVE_60D,TOP900_TRADEABLE_COMPOSITE,CURRENT_TOP900_NOT_HISTORICAL,true
2026-09-09,AGAR,PT Asia Sejahtera Mina Tbk,Barang Konsumen Primer,Makanan & Minuman,575,true,true,AVAILABLE,ACTIVE_60D,TOP900_TRADEABLE_COMPOSITE,CURRENT_TOP900_NOT_HISTORICAL,true
2026-09-09,DNAR,PT Bank Oke Indonesia Tbk.,Keuangan,Bank,576,true,true,AVAILABLE,ACTIVE_60D,TOP900_TRADEABLE_COMPOSITE,CURRENT_TOP900_NOT_HISTORICAL,true
2026-09-09,UNIC,Unggul Indah Cahaya Tbk,Barang Baku,Barang Baku,577,true,true,AVAILABLE,ACTIVE_60D,TOP900_TRADEABLE_COMPOSITE,CURRENT_TOP900_NOT_HISTORICAL,true
2026-09-09,SEMA,PT Semacom Integrated Tbk,Energi,Energi Alternatif,578,true,true,AVAILABLE,ACTIVE_60D,TOP900_TRADEABLE_COMPOSITE,CURRENT_TOP900_NOT_HISTORICAL,true
2026-09-09,PNBS,PT Bank Panin Dubai Syariah Tbk.,Keuangan,Bank,579,true,true,AVAILABLE,ACTIVE_60D,TOP900_TRADEABLE_COMPOSITE,CURRENT_TOP900_NOT_HISTORICAL,true
2026-09-09,IPOL,Indopoly Swakarsa Industry Tbk,Barang Baku,Barang Baku,580,true,true,AVAILABLE,ACTIVE_60D,TOP900_TRADEABLE_COMPOSITE,CURRENT_TOP900_NOT_HISTORICAL,true
2026-09-09,KING,PT Hoffmen Cleanindo Tbk,Perindustrian,Jasa Perindustrian,581,true,true,AVAILABLE,ACTIVE_60D,TOP900_TRADEABLE_COMPOSITE,CURRENT_TOP900_NOT_HISTORICAL,true
2026-09-09,KBLI,KMI Wire and Cable Tbk,Perindustrian,Barang Perindustrian,582,true,true,AVAILABLE,ACTIVE_60D,TOP900_TRADEABLE_COMPOSITE,CURRENT_TOP900_NOT_HISTORICAL,true
2026-09-09,MCOR,PT Bank China Construction Bank Indonesia Tbk,Keuangan,Bank,583,true,true,AVAILABLE,ACTIVE_60D,TOP900_TRADEABLE_COMPOSITE,CURRENT_TOP900_NOT_HISTORICAL,true
2026-09-09,TRUS,Trust Finance Indonesia Tbk,Keuangan,Jasa Pembiayaan,584,true,true,AVAILABLE,ACTIVE_60D,TOP900_TRADEABLE_COMPOSITE,CURRENT_TOP900_NOT_HISTORICAL,true
2026-09-09,BEKS,PT Bank Pembangunan Daerah Banten Tbk.,Keuangan,Bank,585,true,true,AVAILABLE,ACTIVE_60D,TOP900_TRADEABLE_COMPOSITE,CURRENT_TOP900_NOT_HISTORICAL,true
2026-09-09,KREN,PT Quantum Clovera Investama Tbk.,Teknologi,Perangkat Lunak & Jasa TI,586,true,true,AVAILABLE,ACTIVE_60D,TOP900_TRADEABLE_COMPOSITE,CURRENT_TOP900_NOT_HISTORICAL,true
2026-09-09,KSIX,PT Kentanix Supra International Tbk,Properti & Real Estat,Properti & Real Estat,587,true,true,AVAILABLE,ACTIVE_60D,TOP900_TRADEABLE_COMPOSITE,CURRENT_TOP900_NOT_HISTORICAL,true
2026-09-09,BHIT,PT MNC Asia Holding Tbk,Perindustrian,Perusahaan Holding Multi Sektor,588,true,true,AVAILABLE,ACTIVE_60D,TOP900_TRADEABLE_COMPOSITE,CURRENT_TOP900_NOT_HISTORICAL,true
2026-09-09,BATR,PT Benteng Api Technic Tbk,Barang Baku,Barang Baku,589,true,true,AVAILABLE,ACTIVE_60D,TOP900_TRADEABLE_COMPOSITE,CURRENT_TOP900_NOT_HISTORICAL,true
2026-09-09,AEGS,PT Anugerah Spareparts Sejahtera Tbk.,Barang Konsumen Non-Primer,Otomotif & Komponen Otomotif,590,true,true,AVAILABLE,ACTIVE_60D,TOP900_TRADEABLE_COMPOSITE,CURRENT_TOP900_NOT_HISTORICAL,true
2026-09-09,GTRA,PT Grahaprima Suksesmandiri Tbk,Transportasi & Logistik,Logistik & Pengantaran,591,true,true,AVAILABLE,ACTIVE_60D,TOP900_TRADEABLE_COMPOSITE,CURRENT_TOP900_NOT_HISTORICAL,true
2026-09-09,YPAS,Yanaprima Hastapersada Tbk,Barang Baku,Barang Baku,592,true,true,AVAILABLE,ACTIVE_60D,TOP900_TRADEABLE_COMPOSITE,CURRENT_TOP900_NOT_HISTORICAL,true
2026-09-09,OLIV,PT Atlas Nexus Group Tbk,Barang Konsumen Non-Primer,Barang Rumah Tangga,593,true,true,AVAILABLE,ACTIVE_60D,TOP900_TRADEABLE_COMPOSITE,CURRENT_TOP900_NOT_HISTORICAL,true
2026-09-09,GGRP,PT Gunung Raja Paksi Tbk.,Barang Baku,Barang Baku,594,true,true,AVAILABLE,ACTIVE_60D,TOP900_TRADEABLE_COMPOSITE,CURRENT_TOP900_NOT_HISTORICAL,true
2026-09-09,AIMS,PT Artha Mahiya Investama Tbk,Energi,"Minyak, Gas & Batu Bara",595,true,true,AVAILABLE,ACTIVE_60D,TOP900_TRADEABLE_COMPOSITE,CURRENT_TOP900_NOT_HISTORICAL,true
2026-09-09,CSRA,PT Cisadane Sawit Raya Tbk.,Barang Konsumen Primer,Makanan & Minuman,596,true,true,AVAILABLE,ACTIVE_60D,TOP900_TRADEABLE_COMPOSITE,CURRENT_TOP900_NOT_HISTORICAL,true
2026-09-09,SDRA,PT Bank Woori Saudara Indonesia 1906 Tbk,Keuangan,Bank,597,true,true,AVAILABLE,ACTIVE_60D,TOP900_TRADEABLE_COMPOSITE,CURRENT_TOP900_NOT_HISTORICAL,true
2026-09-09,WINE,PT Hatten Bali Tbk,Barang Konsumen Primer,Makanan & Minuman,598,true,true,AVAILABLE,ACTIVE_60D,TOP900_TRADEABLE_COMPOSITE,CURRENT_TOP900_NOT_HISTORICAL,true
2026-09-09,KBAG,PT Karya Bersama Anugerah Tbk,Properti & Real Estat,Properti & Real Estat,599,true,true,AVAILABLE,ACTIVE_60D,TOP900_TRADEABLE_COMPOSITE,CURRENT_TOP900_NOT_HISTORICAL,true
2026-09-09,PPRO,PT PP Properti Tbk.,Properti & Real Estat,Properti & Real Estat,600,true,true,AVAILABLE,ACTIVE_60D,TOP900_TRADEABLE_COMPOSITE,CURRENT_TOP900_NOT_HISTORICAL,true
2026-09-09,TRIS,Trisula International Tbk,Barang Konsumen Non-Primer,Pakaian & Barang Mewah,601,true,true,AVAILABLE,ACTIVE_60D,TOP900_TRADEABLE_COMPOSITE,CURRENT_TOP900_NOT_HISTORICAL,true
2026-09-09,TFAS,PT Telefast Indonesia Tbk.,Teknologi,Perangkat Lunak & Jasa TI,602,true,true,AVAILABLE,ACTIVE_60D,TOP900_TRADEABLE_COMPOSITE,CURRENT_TOP900_NOT_HISTORICAL,true
2026-09-09,MRAT,Mustika Ratu Tbk,Barang Konsumen Primer,Produk Rumah Tangga Tidak Tahan Lama,603,true,true,AVAILABLE,ACTIVE_60D,TOP900_TRADEABLE_COMPOSITE,CURRENT_TOP900_NOT_HISTORICAL,true
2026-09-09,LRNA,PT Eka Sari Lorena Transport Tbk.,Transportasi & Logistik,Transportasi,604,true,true,AVAILABLE,ACTIVE_60D,TOP900_TRADEABLE_COMPOSITE,CURRENT_TOP900_NOT_HISTORICAL,true
2026-09-09,LMPI,Langgeng Makmur Industri Tbk,Barang Konsumen Non-Primer,Barang Rumah Tangga,605,true,true,AVAILABLE,ACTIVE_60D,TOP900_TRADEABLE_COMPOSITE,CURRENT_TOP900_NOT_HISTORICAL,true
2026-09-09,VAST,PT Vastland Indonesia Tbk,Properti & Real Estat,Properti & Real Estat,606,true,true,AVAILABLE,ACTIVE_60D,TOP900_TRADEABLE_COMPOSITE,CURRENT_TOP900_NOT_HISTORICAL,true
2026-09-09,SOHO,PT Soho Global Health Tbk,Kesehatan,Farmasi & Riset Kesehatan,607,true,true,AVAILABLE,ACTIVE_60D,TOP900_TRADEABLE_COMPOSITE,CURRENT_TOP900_NOT_HISTORICAL,true
2026-09-09,MYOH,Samindo Resources Tbk,Energi,"Minyak, Gas & Batu Bara",608,true,true,AVAILABLE,ACTIVE_60D,TOP900_TRADEABLE_COMPOSITE,CURRENT_TOP900_NOT_HISTORICAL,true
2026-09-09,OBMD,PT OBM Drilchem Tbk,Barang Baku,Barang Baku,609,true,true,AVAILABLE,ACTIVE_60D,TOP900_TRADEABLE_COMPOSITE,CURRENT_TOP900_NOT_HISTORICAL,true
2026-09-09,BNII,PT Bank Maybank Indonesia Tbk,Keuangan,Bank,610,true,true,AVAILABLE,ACTIVE_60D,TOP900_TRADEABLE_COMPOSITE,CURRENT_TOP900_NOT_HISTORICAL,true
2026-09-09,PLAN,PT Planet Properindo Jaya Tbk,Barang Konsumen Non-Primer,Jasa Konsumen,611,true,true,AVAILABLE,ACTIVE_60D,TOP900_TRADEABLE_COMPOSITE,CURRENT_TOP900_NOT_HISTORICAL,true
2026-09-09,SAPX,PT Satria Antaran Prima Tbk.,Transportasi & Logistik,Logistik & Pengantaran,612,true,true,AVAILABLE,ACTIVE_60D,TOP900_TRADEABLE_COMPOSITE,CURRENT_TOP900_NOT_HISTORICAL,true
2026-09-09,SSTM,Sunson Textile Manufacturer Tbk,Barang Konsumen Non-Primer,Pakaian & Barang Mewah,613,true,true,AVAILABLE,ACTIVE_60D,TOP900_TRADEABLE_COMPOSITE,CURRENT_TOP900_NOT_HISTORICAL,true
2026-09-09,BMHS,PT Bundamedik Tbk,Kesehatan,Jasa & Peralatan Kesehatan,614,true,true,AVAILABLE,ACTIVE_60D,TOP900_TRADEABLE_COMPOSITE,CURRENT_TOP900_NOT_HISTORICAL,true
2026-09-09,DNET,PT Indoritel Makmur Internasional Tbk.,Keuangan,Perusahaan Holding & Investasi,615,true,true,AVAILABLE,ACTIVE_60D,TOP900_TRADEABLE_COMPOSITE,CURRENT_TOP900_NOT_HISTORICAL,true
2026-09-09,INPP,Indonesian Paradise Property Tbk,Properti & Real Estat,Properti & Real Estat,616,true,true,AVAILABLE,ACTIVE_60D,TOP900_TRADEABLE_COMPOSITE,CURRENT_TOP900_NOT_HISTORICAL,true
2026-09-09,BESS,PT Batulicin Nusantara Maritim Tbk.,Energi,"Minyak, Gas & Batu Bara",617,true,true,AVAILABLE,ACTIVE_60D,TOP900_TRADEABLE_COMPOSITE,CURRENT_TOP900_NOT_HISTORICAL,true
2026-09-09,ROCK,PT Rockfields Properti Indonesia Tbk.,Properti & Real Estat,Properti & Real Estat,618,true,true,AVAILABLE,ACTIVE_60D,TOP900_TRADEABLE_COMPOSITE,CURRENT_TOP900_NOT_HISTORICAL,true
2026-09-09,TRJA,PT Transkon Jaya Tbk.,Transportasi & Logistik,Transportasi,619,true,true,AVAILABLE,ACTIVE_60D,TOP900_TRADEABLE_COMPOSITE,CURRENT_TOP900_NOT_HISTORICAL,true
2026-09-09,JIHD,Jakarta International Hotels & Development Tbk,Barang Konsumen Non-Primer,Jasa Konsumen,620,true,true,AVAILABLE,ACTIVE_60D,TOP900_TRADEABLE_COMPOSITE,CURRENT_TOP900_NOT_HISTORICAL,true
2026-09-09,SAFE,Steady Safe Tbk,Transportasi & Logistik,Transportasi,621,true,true,AVAILABLE,ACTIVE_60D,TOP900_TRADEABLE_COMPOSITE,CURRENT_TOP900_NOT_HISTORICAL,true
2026-09-09,HERO,PT DFI Retail Nusantara Tbk,Barang Konsumen Primer,Perdagangan Ritel Barang Primer,622,true,true,AVAILABLE,ACTIVE_60D,TOP900_TRADEABLE_COMPOSITE,CURRENT_TOP900_NOT_HISTORICAL,true
2026-09-09,PNIN,Paninvest Tbk,Keuangan,Asuransi,623,true,true,AVAILABLE,ACTIVE_60D,TOP900_TRADEABLE_COMPOSITE,CURRENT_TOP900_NOT_HISTORICAL,true
2026-09-09,POLU,PT Golden Flower Tbk.,Barang Konsumen Non-Primer,Pakaian & Barang Mewah,624,true,true,AVAILABLE,ACTIVE_60D,TOP900_TRADEABLE_COMPOSITE,CURRENT_TOP900_NOT_HISTORICAL,true
2026-09-09,IDEA,PT Idea Indonesia Akademi Tbk,Barang Konsumen Non-Primer,Jasa Konsumen,625,true,true,AVAILABLE,ACTIVE_60D,TOP900_TRADEABLE_COMPOSITE,CURRENT_TOP900_NOT_HISTORICAL,true
2026-09-09,MAYA,PT Bank Mayapada Internasional Tbk,Keuangan,Bank,626,true,true,AVAILABLE,ACTIVE_60D,TOP900_TRADEABLE_COMPOSITE,CURRENT_TOP900_NOT_HISTORICAL,true
2026-09-09,CBPE,PT Citra Buana Prasida Tbk,Properti & Real Estat,Properti & Real Estat,627,true,true,AVAILABLE,ACTIVE_60D,TOP900_TRADEABLE_COMPOSITE,CURRENT_TOP900_NOT_HISTORICAL,true
2026-09-09,CRSN,PT Carsurin Tbk,Perindustrian,Jasa Perindustrian,628,true,true,AVAILABLE,ACTIVE_60D,TOP900_TRADEABLE_COMPOSITE,CURRENT_TOP900_NOT_HISTORICAL,true
2026-09-09,PTSN,Sat Nusapersada Tbk,Teknologi,Perangkat Keras & Peralatan Teknologi,629,true,true,AVAILABLE,ACTIVE_60D,TOP900_TRADEABLE_COMPOSITE,CURRENT_TOP900_NOT_HISTORICAL,true
2026-09-09,BINO,PT Perma Plasindo Tbk,Perindustrian,Jasa Perindustrian,630,true,true,AVAILABLE,ACTIVE_60D,TOP900_TRADEABLE_COMPOSITE,CURRENT_TOP900_NOT_HISTORICAL,true
2026-09-09,MIRA,Mitra International Resources Tbk,Transportasi & Logistik,Logistik & Pengantaran,631,true,true,AVAILABLE,ACTIVE_60D,TOP900_TRADEABLE_COMPOSITE,CURRENT_TOP900_NOT_HISTORICAL,true
2026-09-09,TRIM,PT Trimegah Sekuritas Indonesia Tbk,Keuangan,Jasa Investasi,632,true,true,AVAILABLE,ACTIVE_60D,TOP900_TRADEABLE_COMPOSITE,CURRENT_TOP900_NOT_HISTORICAL,true
2026-09-09,BLOG,PT Trimitra Trans Persada Tbk,Transportasi & Logistik,Logistik & Pengantaran,633,true,true,AVAILABLE,ACTIVE_60D,TOP900_TRADEABLE_COMPOSITE,CURRENT_TOP900_NOT_HISTORICAL,true
2026-09-09,BRNA,Berlina Tbk,Barang Baku,Barang Baku,634,true,true,AVAILABLE,ACTIVE_60D,TOP900_TRADEABLE_COMPOSITE,CURRENT_TOP900_NOT_HISTORICAL,true
2026-09-09,SATU,PT Kota Satu Properti Tbk.,Properti & Real Estat,Properti & Real Estat,635,true,true,AVAILABLE,ACTIVE_60D,TOP900_TRADEABLE_COMPOSITE,CURRENT_TOP900_NOT_HISTORICAL,true
2026-09-09,VOKS,Voksel Electric Tbk,Perindustrian,Barang Perindustrian,636,true,true,AVAILABLE,ACTIVE_60D,TOP900_TRADEABLE_COMPOSITE,CURRENT_TOP900_NOT_HISTORICAL,true
2026-09-09,BKSW,PT Bank QNB Indonesia Tbk,Keuangan,Bank,637,true,true,AVAILABLE,ACTIVE_60D,TOP900_TRADEABLE_COMPOSITE,CURRENT_TOP900_NOT_HISTORICAL,true
2026-09-09,SOTS,PT Satria Mega Kencana Tbk.,Barang Konsumen Non-Primer,Jasa Konsumen,638,true,true,AVAILABLE,ACTIVE_60D,TOP900_TRADEABLE_COMPOSITE,CURRENT_TOP900_NOT_HISTORICAL,true
2026-09-09,STAR,PT Buana Artha Anugerah Tbk.,Keuangan,Perusahaan Holding & Investasi,639,true,true,AVAILABLE,ACTIVE_60D,TOP900_TRADEABLE_COMPOSITE,CURRENT_TOP900_NOT_HISTORICAL,true
2026-09-09,TGUK,PT Platinum Wahab Nusantara Tbk.,Barang Konsumen Primer,Makanan & Minuman,640,true,true,AVAILABLE,SPORADIC_60D,TOP900_TRADEABLE_COMPOSITE,CURRENT_TOP900_NOT_HISTORICAL,true
2026-09-09,MMLP,PT Mega Manunggal Property Tbk.,Properti & Real Estat,Properti & Real Estat,641,true,true,AVAILABLE,ACTIVE_60D,TOP900_TRADEABLE_COMPOSITE,CURRENT_TOP900_NOT_HISTORICAL,true
2026-09-09,KONI,Perdana Bangun Pusaka Tbk,Perindustrian,Jasa Perindustrian,642,true,true,AVAILABLE,ACTIVE_60D,TOP900_TRADEABLE_COMPOSITE,CURRENT_TOP900_NOT_HISTORICAL,true
2026-09-09,SPRE,PT Soraya Berjaya Indonesia Tbk,Barang Konsumen Non-Primer,Pakaian & Barang Mewah,643,true,true,AVAILABLE,ACTIVE_60D,TOP900_TRADEABLE_COMPOSITE,CURRENT_TOP900_NOT_HISTORICAL,true
2026-09-09,ALDO,Alkindo Naratama Tbk,Barang Baku,Barang Baku,644,true,true,AVAILABLE,ACTIVE_60D,TOP900_TRADEABLE_COMPOSITE,CURRENT_TOP900_NOT_HISTORICAL,true
2026-09-09,ITIC,PT Indonesian Tobacco Tbk.,Barang Konsumen Primer,Rokok,645,true,true,AVAILABLE,ACTIVE_60D,TOP900_TRADEABLE_COMPOSITE,CURRENT_TOP900_NOT_HISTORICAL,true
2026-09-09,MBAP,PT Mitrabara Adiperdana Tbk,Energi,"Minyak, Gas & Batu Bara",646,true,true,AVAILABLE,ACTIVE_60D,TOP900_TRADEABLE_COMPOSITE,CURRENT_TOP900_NOT_HISTORICAL,true
2026-09-09,MERK,Merck Tbk,Kesehatan,Farmasi & Riset Kesehatan,647,true,true,AVAILABLE,ACTIVE_60D,TOP900_TRADEABLE_COMPOSITE,CURRENT_TOP900_NOT_HISTORICAL,true
2026-09-09,TOTO,Surya Toto Indonesia Tbk,Perindustrian,Barang Perindustrian,648,true,true,AVAILABLE,ACTIVE_60D,TOP900_TRADEABLE_COMPOSITE,CURRENT_TOP900_NOT_HISTORICAL,true
2026-09-09,ESTA,PT Esta Multi Usaha Tbk.,Barang Konsumen Non-Primer,Jasa Konsumen,649,true,true,AVAILABLE,ACTIVE_60D,TOP900_TRADEABLE_COMPOSITE,CURRENT_TOP900_NOT_HISTORICAL,true
2026-09-09,SCNP,PT Selaras Citra Nusantara Perkasa Tbk,Barang Konsumen Non-Primer,Barang Rumah Tangga,650,true,true,AVAILABLE,ACTIVE_60D,TOP900_TRADEABLE_COMPOSITE,CURRENT_TOP900_NOT_HISTORICAL,true
2026-09-09,PTSP,Pioneerindo Gourmet International Tbk,Barang Konsumen Non-Primer,Jasa Konsumen,651,true,true,AVAILABLE,ACTIVE_60D,TOP900_TRADEABLE_COMPOSITE,CURRENT_TOP900_NOT_HISTORICAL,true
2026-09-09,RUIS,Radiant Utama Interinsco Tbk,Energi,"Minyak, Gas & Batu Bara",652,true,true,AVAILABLE,ACTIVE_60D,TOP900_TRADEABLE_COMPOSITE,CURRENT_TOP900_NOT_HISTORICAL,true
2026-09-09,UFOE,PT Damai Sejahtera Abadi Tbk,Barang Konsumen Non-Primer,Perdagangan Ritel,653,true,true,AVAILABLE,ACTIVE_60D,TOP900_TRADEABLE_COMPOSITE,CURRENT_TOP900_NOT_HISTORICAL,true
2026-09-09,GHON,PT Gihon Telekomunikasi Indonesia Tbk,Infrastruktur,Telekomunikasi,654,true,true,AVAILABLE,ACTIVE_60D,TOP900_TRADEABLE_COMPOSITE,CURRENT_TOP900_NOT_HISTORICAL,true
2026-09-09,BIKE,PT Bhineka Inovasi Ketahanan Energi Tbk,Barang Konsumen Non-Primer,Barang Rekreasi,655,true,false,AVAILABLE,SPORADIC_60D,TOP900_TRADEABLE_COMPOSITE,CURRENT_TOP900_NOT_HISTORICAL,true
2026-09-09,CTBN,Citra Tubindo Tbk,Barang Baku,Barang Baku,656,true,true,AVAILABLE,ACTIVE_60D,TOP900_TRADEABLE_COMPOSITE,CURRENT_TOP900_NOT_HISTORICAL,true
2026-09-09,CARE,PT Metro Healthcare Indonesia Tbk,Kesehatan,Jasa & Peralatan Kesehatan,657,true,true,AVAILABLE,ACTIVE_60D,TOP900_TRADEABLE_COMPOSITE,CURRENT_TOP900_NOT_HISTORICAL,true
2026-09-09,PCAR,PT Prima Cakrawala Abadi Tbk,Barang Konsumen Primer,Perdagangan Ritel Barang Primer,658,true,true,AVAILABLE,ACTIVE_60D,TOP900_TRADEABLE_COMPOSITE,CURRENT_TOP900_NOT_HISTORICAL,true
2026-09-09,AMMS,PT Agung Menjangan Mas Tbk,Barang Konsumen Primer,Makanan & Minuman,659,true,true,AVAILABLE,ACTIVE_60D,TOP900_TRADEABLE_COMPOSITE,CURRENT_TOP900_NOT_HISTORICAL,true
2026-09-09,BAYU,Bayu Buana Tbk,Barang Konsumen Non-Primer,Jasa Konsumen,660,true,true,AVAILABLE,ACTIVE_60D,TOP900_TRADEABLE_COMPOSITE,CURRENT_TOP900_NOT_HISTORICAL,true
2026-09-09,ASJT,Asuransi Jasa Tania Tbk,Keuangan,Asuransi,661,true,true,AVAILABLE,ACTIVE_60D,TOP900_TRADEABLE_COMPOSITE,CURRENT_TOP900_NOT_HISTORICAL,true
2026-09-09,AXIO,PT Tera Data Indonusa Tbk,Teknologi,Perangkat Keras & Peralatan Teknologi,662,true,true,AVAILABLE,ACTIVE_60D,TOP900_TRADEABLE_COMPOSITE,CURRENT_TOP900_NOT_HISTORICAL,true
2026-09-09,TAMU,PT Pelayaran Tamarin Samudra Tbk.,Energi,"Minyak, Gas & Batu Bara",663,true,true,AVAILABLE,ACTIVE_60D,TOP900_TRADEABLE_COMPOSITE,CURRENT_TOP900_NOT_HISTORICAL,true
2026-09-09,IPTV,PT MNC Vision Networks Tbk.,Barang Konsumen Non-Primer,Media & Hiburan,664,true,true,AVAILABLE,ACTIVE_60D,TOP900_TRADEABLE_COMPOSITE,CURRENT_TOP900_NOT_HISTORICAL,true
2026-09-09,BCAP,MNC Kapital Indonesia Tbk,Keuangan,Perusahaan Holding & Investasi,665,true,true,AVAILABLE,ACTIVE_60D,TOP900_TRADEABLE_COMPOSITE,CURRENT_TOP900_NOT_HISTORICAL,true
2026-09-09,CAMP,PT Campina Ice Cream Industry Tbk.,Barang Konsumen Primer,Makanan & Minuman,666,true,true,AVAILABLE,ACTIVE_60D,TOP900_TRADEABLE_COMPOSITE,CURRENT_TOP900_NOT_HISTORICAL,true
2026-09-09,PBRX,Pan Brothers Tbk,Barang Konsumen Non-Primer,Pakaian & Barang Mewah,667,true,true,AVAILABLE,ACTIVE_60D,TOP900_TRADEABLE_COMPOSITE,CURRENT_TOP900_NOT_HISTORICAL,true
2026-09-09,RONY,PT Aracord Nusantara Group Tbk,Infrastruktur,Konstruksi Bangunan,668,true,true,AVAILABLE,ACTIVE_60D,TOP900_TRADEABLE_COMPOSITE,CURRENT_TOP900_NOT_HISTORICAL,true
2026-09-09,SMMA,PT Sinar Mas Multiartha Tbk,Keuangan,Perusahaan Holding & Investasi,669,true,true,AVAILABLE,ACTIVE_60D,TOP900_TRADEABLE_COMPOSITE,CURRENT_TOP900_NOT_HISTORICAL,true
2026-09-09,PURA,PT Putra Rajawali Kencana Tbk.,Transportasi & Logistik,Logistik & Pengantaran,670,true,true,AVAILABLE,ACTIVE_60D,TOP900_TRADEABLE_COMPOSITE,CURRENT_TOP900_NOT_HISTORICAL,true
2026-09-09,BUAH,PT Segar Kumala Indonesia Tbk,Barang Konsumen Primer,Perdagangan Ritel Barang Primer,671,true,true,AVAILABLE,ACTIVE_60D,TOP900_TRADEABLE_COMPOSITE,CURRENT_TOP900_NOT_HISTORICAL,true
2026-09-09,CEKA,PT Wilmar Cahaya Indonesia Tbk.,Barang Konsumen Primer,Makanan & Minuman,672,true,true,AVAILABLE,ACTIVE_60D,TOP900_TRADEABLE_COMPOSITE,CURRENT_TOP900_NOT_HISTORICAL,true
2026-09-09,MPXL,PT MPX Logistics International Tbk,Transportasi & Logistik,Logistik & Pengantaran,673,true,true,AVAILABLE,ACTIVE_60D,TOP900_TRADEABLE_COMPOSITE,CURRENT_TOP900_NOT_HISTORICAL,true
2026-09-09,AMAR,PT Bank Amar Indonesia Tbk.,Keuangan,Bank,674,true,true,AVAILABLE,ACTIVE_60D,TOP900_TRADEABLE_COMPOSITE,CURRENT_TOP900_NOT_HISTORICAL,true
2026-09-09,RELF,PT Graha Mitra Asia Tbk.,Properti & Real Estat,Properti & Real Estat,675,true,true,AVAILABLE,ACTIVE_60D,TOP900_TRADEABLE_COMPOSITE,CURRENT_TOP900_NOT_HISTORICAL,true
2026-09-09,MKTR,PT Menthobi Karyatama Raya Tbk,Barang Konsumen Primer,Makanan & Minuman,676,true,true,AVAILABLE,ACTIVE_60D,TOP900_TRADEABLE_COMPOSITE,CURRENT_TOP900_NOT_HISTORICAL,true
2026-09-09,SPMA,Suparma Tbk,Barang Baku,Barang Baku,677,true,true,AVAILABLE,ACTIVE_60D,TOP900_TRADEABLE_COMPOSITE,CURRENT_TOP900_NOT_HISTORICAL,true
2026-09-09,CMNP,Citra Marga Nusaphala Persada Tbk,Infrastruktur,Infrastruktur Transportasi,678,true,true,AVAILABLE,ACTIVE_60D,TOP900_TRADEABLE_COMPOSITE,CURRENT_TOP900_NOT_HISTORICAL,true
2026-09-09,NIRO,City Retail Developments Tbk,Properti & Real Estat,Properti & Real Estat,679,true,true,AVAILABLE,ACTIVE_60D,TOP900_TRADEABLE_COMPOSITE,CURRENT_TOP900_NOT_HISTORICAL,true
2026-09-09,ANJT,PT Austindo Nusantara Jaya Tbk.,Barang Konsumen Primer,Makanan & Minuman,680,true,true,AVAILABLE,ACTIVE_60D,TOP900_TRADEABLE_COMPOSITE,CURRENT_TOP900_NOT_HISTORICAL,true
2026-09-09,SHIP,PT Sillo Maritime Perdana Tbk,Energi,"Minyak, Gas & Batu Bara",681,true,true,AVAILABLE,ACTIVE_60D,TOP900_TRADEABLE_COMPOSITE,CURRENT_TOP900_NOT_HISTORICAL,true
2026-09-09,EAST,PT Eastparc Hotel Tbk,Barang Konsumen Non-Primer,Jasa Konsumen,682,true,true,AVAILABLE,ACTIVE_60D,TOP900_TRADEABLE_COMPOSITE,CURRENT_TOP900_NOT_HISTORICAL,true
2026-09-09,TIFA,KDB Tifa Finance Tbk,Keuangan,Jasa Pembiayaan,683,true,true,AVAILABLE,ACTIVE_60D,TOP900_TRADEABLE_COMPOSITE,CURRENT_TOP900_NOT_HISTORICAL,true
2026-09-09,BMAS,PT Bank Kasikorn Indonesia Tbk,Keuangan,Bank,684,true,true,AVAILABLE,ACTIVE_60D,TOP900_TRADEABLE_COMPOSITE,CURRENT_TOP900_NOT_HISTORICAL,true
2026-09-09,HAIS,PT Hasnur Internasional Shipping Tbk,Transportasi & Logistik,Logistik & Pengantaran,685,true,true,AVAILABLE,ACTIVE_60D,TOP900_TRADEABLE_COMPOSITE,CURRENT_TOP900_NOT_HISTORICAL,true
2026-09-09,INCI,Intanwijaya Internasional Tbk,Barang Baku,Barang Baku,686,true,true,AVAILABLE,ACTIVE_60D,TOP900_TRADEABLE_COMPOSITE,CURRENT_TOP900_NOT_HISTORICAL,true
2026-09-09,ITMA,SUMBER ENERGI ANDALAN Tbk,Energi,"Minyak, Gas & Batu Bara",687,true,true,AVAILABLE,ACTIVE_60D,TOP900_TRADEABLE_COMPOSITE,CURRENT_TOP900_NOT_HISTORICAL,true
2026-09-09,TYRE,PT King Tire Indonesia Tbk.,Barang Konsumen Non-Primer,Otomotif & Komponen Otomotif,688,true,true,AVAILABLE,ACTIVE_60D,TOP900_TRADEABLE_COMPOSITE,CURRENT_TOP900_NOT_HISTORICAL,true
2026-09-09,PSAT,PT Pancaran Samudera Transport Tbk,Energi,"Minyak, Gas & Batu Bara",689,true,true,AVAILABLE,ACTIVE_60D,TOP900_TRADEABLE_COMPOSITE,CURRENT_TOP900_NOT_HISTORICAL,true
2026-09-09,LMAX,PT Lupromax Pelumas Indonesia Tbk.,Barang Konsumen Non-Primer,Otomotif & Komponen Otomotif,690,true,true,AVAILABLE,ACTIVE_60D,TOP900_TRADEABLE_COMPOSITE,CURRENT_TOP900_NOT_HISTORICAL,true
2026-09-09,RUNS,PT Global Sukses Solusi Tbk,Teknologi,Perangkat Lunak & Jasa TI,691,true,true,AVAILABLE,ACTIVE_60D,TOP900_TRADEABLE_COMPOSITE,CURRENT_TOP900_NOT_HISTORICAL,true
2026-09-09,EPMT,Enseval Putera Megatrading Tbk,Barang Konsumen Primer,Perdagangan Ritel Barang Primer,692,true,true,AVAILABLE,ACTIVE_60D,TOP900_TRADEABLE_COMPOSITE,CURRENT_TOP900_NOT_HISTORICAL,true
2026-09-09,BLTA,Berlian Laju Tanker Tbk,Transportasi & Logistik,Logistik & Pengantaran,693,true,true,AVAILABLE,ACTIVE_60D,TOP900_TRADEABLE_COMPOSITE,CURRENT_TOP900_NOT_HISTORICAL,true
2026-09-09,MCOL,PT Prima Andalan Mandiri Tbk,Energi,"Minyak, Gas & Batu Bara",694,true,true,AVAILABLE,ACTIVE_60D,TOP900_TRADEABLE_COMPOSITE,CURRENT_TOP900_NOT_HISTORICAL,true
2026-09-09,CHIP,PT Pelita Teknologi Global Tbk,Teknologi,Perangkat Keras & Peralatan Teknologi,695,true,true,AVAILABLE,ACTIVE_60D,TOP900_TRADEABLE_COMPOSITE,CURRENT_TOP900_NOT_HISTORICAL,true
2026-09-09,RCCC,PT Utama Radar Cahaya Tbk,Transportasi & Logistik,Logistik & Pengantaran,696,true,true,AVAILABLE,ACTIVE_60D,TOP900_TRADEABLE_COMPOSITE,CURRENT_TOP900_NOT_HISTORICAL,true
2026-09-09,PALM,PT Provident Investasi Bersama Tbk,Keuangan,Perusahaan Holding & Investasi,697,true,true,AVAILABLE,ACTIVE_60D,TOP900_TRADEABLE_COMPOSITE,CURRENT_TOP900_NOT_HISTORICAL,true
2026-09-09,MEGA,Bank Mega Tbk,Keuangan,Bank,698,true,true,AVAILABLE,ACTIVE_60D,TOP900_TRADEABLE_COMPOSITE,CURRENT_TOP900_NOT_HISTORICAL,true
2026-09-09,BAUT,PT Mitra Angkasa Sejahtera Tbk,Barang Konsumen Non-Primer,Perdagangan Ritel,699,true,true,AVAILABLE,ACTIVE_60D,TOP900_TRADEABLE_COMPOSITE,CURRENT_TOP900_NOT_HISTORICAL,true
2026-09-09,DCII,PT DCI Indonesia Tbk,Teknologi,Perangkat Lunak & Jasa TI,700,true,true,AVAILABLE,ACTIVE_60D,TOP900_TRADEABLE_COMPOSITE,CURRENT_TOP900_NOT_HISTORICAL,true
2026-09-09,INDR,PT Indo-Rama Synthetics Tbk,Barang Konsumen Non-Primer,Pakaian & Barang Mewah,701,true,true,AVAILABLE,ACTIVE_60D,TOP900_TRADEABLE_COMPOSITE,CURRENT_TOP900_NOT_HISTORICAL,true
2026-09-09,INPS,PT Indah Prakasa Sentosa Tbk.,Energi,"Minyak, Gas & Batu Bara",702,true,true,AVAILABLE,ACTIVE_60D,TOP900_TRADEABLE_COMPOSITE,CURRENT_TOP900_NOT_HISTORICAL,true
2026-09-09,OBAT,PT Brigit Biofarmaka Teknologi Tbk,Kesehatan,Farmasi & Riset Kesehatan,703,true,true,AVAILABLE,ACTIVE_60D,TOP900_TRADEABLE_COMPOSITE,CURRENT_TOP900_NOT_HISTORICAL,true
2026-09-09,SURE,PT Super Energy Tbk.,Energi,"Minyak, Gas & Batu Bara",704,true,true,AVAILABLE,ACTIVE_60D,TOP900_TRADEABLE_COMPOSITE,CURRENT_TOP900_NOT_HISTORICAL,true
2026-09-09,AKPI,Argha Karya Prima Ind. Tbk,Barang Baku,Barang Baku,705,true,true,AVAILABLE,ACTIVE_60D,TOP900_TRADEABLE_COMPOSITE,CURRENT_TOP900_NOT_HISTORICAL,true
2026-09-09,ASMI,PT Asuransi Maximus Graha Persada Tbk.,Keuangan,Asuransi,706,true,true,AVAILABLE,ACTIVE_60D,TOP900_TRADEABLE_COMPOSITE,CURRENT_TOP900_NOT_HISTORICAL,true
2026-09-09,BUKK,Bukaka Teknik Utama Tbk,Infrastruktur,Konstruksi Bangunan,707,true,true,AVAILABLE,ACTIVE_60D,TOP900_TRADEABLE_COMPOSITE,CURRENT_TOP900_NOT_HISTORICAL,true
2026-09-09,ZYRX,PT Zyrexindo Mandiri Buana Tbk,Teknologi,Perangkat Keras & Peralatan Teknologi,708,true,true,AVAILABLE,ACTIVE_60D,TOP900_TRADEABLE_COMPOSITE,CURRENT_TOP900_NOT_HISTORICAL,true
2026-09-09,HRME,PT Menteng Heritage Realty Tbk.,Barang Konsumen Non-Primer,Jasa Konsumen,709,true,true,AVAILABLE,ACTIVE_60D,TOP900_TRADEABLE_COMPOSITE,CURRENT_TOP900_NOT_HISTORICAL,true
2026-09-09,SFAN,PT Surya Fajar Capital Tbk,Keuangan,Perusahaan Holding & Investasi,710,true,true,AVAILABLE,ACTIVE_60D,TOP900_TRADEABLE_COMPOSITE,CURRENT_TOP900_NOT_HISTORICAL,true
2026-09-09,AMAN,PT Makmur Berkah Amanda Tbk.,Properti & Real Estat,Properti & Real Estat,711,true,true,AVAILABLE,ACTIVE_60D,TOP900_TRADEABLE_COMPOSITE,CURRENT_TOP900_NOT_HISTORICAL,true
2026-09-09,SAGE,PT Saptausaha Gemilangindah Tbk,Properti & Real Estat,Properti & Real Estat,712,true,true,AVAILABLE,ACTIVE_60D,TOP900_TRADEABLE_COMPOSITE,CURRENT_TOP900_NOT_HISTORICAL,true
2026-09-09,SCCO,PT Supreme Cable Manufacturing & Commerce Tbk,Perindustrian,Barang Perindustrian,713,true,true,AVAILABLE,ACTIVE_60D,TOP900_TRADEABLE_COMPOSITE,CURRENT_TOP900_NOT_HISTORICAL,true
2026-09-09,KEJU,PT Mulia Boga Raya Tbk,Barang Konsumen Primer,Makanan & Minuman,714,true,true,AVAILABLE,ACTIVE_60D,TOP900_TRADEABLE_COMPOSITE,CURRENT_TOP900_NOT_HISTORICAL,true
2026-09-09,BUDI,PT Budi Starch & Sweetener Tbk.,Barang Konsumen Primer,Makanan & Minuman,715,true,true,AVAILABLE,ACTIVE_60D,TOP900_TRADEABLE_COMPOSITE,CURRENT_TOP900_NOT_HISTORICAL,true
2026-09-09,GOLD,PT Visi Telekomunikasi Infrastruktur Tbk.,Infrastruktur,Telekomunikasi,716,true,true,AVAILABLE,ACTIVE_60D,TOP900_TRADEABLE_COMPOSITE,CURRENT_TOP900_NOT_HISTORICAL,true
2026-09-09,LIFE,PT MSIG Life Insurance Indonesia Tbk.,Keuangan,Asuransi,717,true,true,AVAILABLE,ACTIVE_60D,TOP900_TRADEABLE_COMPOSITE,CURRENT_TOP900_NOT_HISTORICAL,true
2026-09-09,RIGS,Rig Tenders Tbk,Energi,"Minyak, Gas & Batu Bara",718,true,true,AVAILABLE,ACTIVE_60D,TOP900_TRADEABLE_COMPOSITE,CURRENT_TOP900_NOT_HISTORICAL,true
2026-09-09,TRGU,PT Cerestar Indonesia Tbk,Barang Konsumen Primer,Makanan & Minuman,719,true,true,AVAILABLE,ACTIVE_60D,TOP900_TRADEABLE_COMPOSITE,CURRENT_TOP900_NOT_HISTORICAL,true
2026-09-09,PSSI,PT IMC Pelita Logistik Tbk,Energi,"Minyak, Gas & Batu Bara",720,true,true,AVAILABLE,ACTIVE_60D,TOP900_TRADEABLE_COMPOSITE,CURRENT_TOP900_NOT_HISTORICAL,true
2026-09-09,CCSI,PT Communication Cable Systems Indonesia Tbk.,Perindustrian,Barang Perindustrian,721,true,true,AVAILABLE,ACTIVE_60D,TOP900_TRADEABLE_COMPOSITE,CURRENT_TOP900_NOT_HISTORICAL,true
2026-09-09,ATIC,PT Anabatic Technologies Tbk,Teknologi,Perangkat Lunak & Jasa TI,722,true,true,AVAILABLE,ACTIVE_60D,TOP900_TRADEABLE_COMPOSITE,CURRENT_TOP900_NOT_HISTORICAL,true
2026-09-09,BBLD,Buana Finance Tbk,Keuangan,Jasa Pembiayaan,723,true,true,AVAILABLE,ACTIVE_60D,TOP900_TRADEABLE_COMPOSITE,CURRENT_TOP900_NOT_HISTORICAL,true
2026-09-09,SMKL,PT Satyamitra Kemas Lestari Tbk,Barang Baku,Barang Baku,724,true,true,AVAILABLE,ACTIVE_60D,TOP900_TRADEABLE_COMPOSITE,CURRENT_TOP900_NOT_HISTORICAL,true
2026-09-09,ANDI,PT Andira Agro Tbk,Barang Konsumen Primer,Makanan & Minuman,725,true,true,AVAILABLE,ACTIVE_60D,TOP900_TRADEABLE_COMPOSITE,CURRENT_TOP900_NOT_HISTORICAL,true
2026-09-09,SBMA,PT Surya Biru Murni Acetylene Tbk,Barang Baku,Barang Baku,726,true,true,AVAILABLE,ACTIVE_60D,TOP900_TRADEABLE_COMPOSITE,CURRENT_TOP900_NOT_HISTORICAL,true
2026-09-09,LION,Lion Metal Works Tbk,Perindustrian,Jasa Perindustrian,727,true,true,AVAILABLE,ACTIVE_60D,TOP900_TRADEABLE_COMPOSITE,CURRENT_TOP900_NOT_HISTORICAL,true
2026-09-09,CINT,PT Chitose Internasional Tbk,Barang Konsumen Non-Primer,Barang Rumah Tangga,728,true,true,AVAILABLE,ACTIVE_60D,TOP900_TRADEABLE_COMPOSITE,CURRENT_TOP900_NOT_HISTORICAL,true
2026-09-09,PGLI,Pembangunan Graha Lestari Indah Tbk,Barang Konsumen Non-Primer,Jasa Konsumen,729,true,true,AVAILABLE,ACTIVE_60D,TOP900_TRADEABLE_COMPOSITE,CURRENT_TOP900_NOT_HISTORICAL,true
2026-09-09,APLI,Asiaplast Industries Tbk,Barang Baku,Barang Baku,730,true,true,AVAILABLE,ACTIVE_60D,TOP900_TRADEABLE_COMPOSITE,CURRENT_TOP900_NOT_HISTORICAL,true
2026-09-09,SKRN,PT Superkrane Mitra Utama Tbk,Perindustrian,Barang Perindustrian,731,true,true,AVAILABLE,ACTIVE_60D,TOP900_TRADEABLE_COMPOSITE,CURRENT_TOP900_NOT_HISTORICAL,true
2026-09-09,CAKK,PT Cahayaputra Asa Keramik Tbk.,Perindustrian,Barang Perindustrian,732,true,true,AVAILABLE,ACTIVE_60D,TOP900_TRADEABLE_COMPOSITE,CURRENT_TOP900_NOT_HISTORICAL,true
2026-09-09,BABP,PT Bank MNC Internasional Tbk.,Keuangan,Bank,733,true,true,AVAILABLE,ACTIVE_60D,TOP900_TRADEABLE_COMPOSITE,CURRENT_TOP900_NOT_HISTORICAL,true
2026-09-09,GOOD,PT Garudafood Putra Putri Jaya Tbk.,Barang Konsumen Primer,Makanan & Minuman,734,true,true,AVAILABLE,ACTIVE_60D,TOP900_TRADEABLE_COMPOSITE,CURRENT_TOP900_NOT_HISTORICAL,true
2026-09-09,SDPC,Millennium Pharmacon International Tbk,Barang Konsumen Primer,Perdagangan Ritel Barang Primer,735,true,true,AVAILABLE,ACTIVE_60D,TOP900_TRADEABLE_COMPOSITE,CURRENT_TOP900_NOT_HISTORICAL,true
2026-09-09,PDPP,PT Primadaya Plastisindo Tbk,Barang Baku,Barang Baku,736,true,true,AVAILABLE,ACTIVE_60D,TOP900_TRADEABLE_COMPOSITE,CURRENT_TOP900_NOT_HISTORICAL,true
2026-09-09,GUNA,PT Gunanusa Eramandiri Tbk,Barang Konsumen Primer,Makanan & Minuman,737,true,true,AVAILABLE,ACTIVE_60D,TOP900_TRADEABLE_COMPOSITE,CURRENT_TOP900_NOT_HISTORICAL,true
2026-09-09,WOMF,PT Wahana Ottomitra Multiartha Tbk,Keuangan,Jasa Pembiayaan,738,true,true,AVAILABLE,ACTIVE_60D,TOP900_TRADEABLE_COMPOSITE,CURRENT_TOP900_NOT_HISTORICAL,true
2026-09-09,SAMF,PT Saraswanti Anugerah Makmur Tbk.,Barang Baku,Barang Baku,739,true,true,AVAILABLE,ACTIVE_60D,TOP900_TRADEABLE_COMPOSITE,CURRENT_TOP900_NOT_HISTORICAL,true
2026-09-09,PDES,Destinasi Tirta Nusantara Tbk,Barang Konsumen Non-Primer,Jasa Konsumen,740,true,true,AVAILABLE,ACTIVE_60D,TOP900_TRADEABLE_COMPOSITE,CURRENT_TOP900_NOT_HISTORICAL,true
2026-09-09,CSAP,Catur Sentosa Adiprana Tbk,Barang Konsumen Non-Primer,Perdagangan Ritel,741,true,true,AVAILABLE,ACTIVE_60D,TOP900_TRADEABLE_COMPOSITE,CURRENT_TOP900_NOT_HISTORICAL,true
2026-09-09,INTD,Inter-Delta Tbk,Barang Baku,Barang Baku,742,true,true,AVAILABLE,ACTIVE_60D,TOP900_TRADEABLE_COMPOSITE,CURRENT_TOP900_NOT_HISTORICAL,true
2026-09-09,KMDS,PT Kurniamitra Duta Sentosa Tbk.,Barang Konsumen Primer,Perdagangan Ritel Barang Primer,743,true,true,AVAILABLE,ACTIVE_60D,TOP900_TRADEABLE_COMPOSITE,CURRENT_TOP900_NOT_HISTORICAL,true
2026-09-09,UNSP,Bakrie Sumatera Plantations Tbk,Barang Konsumen Primer,Makanan & Minuman,744,true,false,AVAILABLE,SPORADIC_60D,TOP900_TRADEABLE_COMPOSITE,CURRENT_TOP900_NOT_HISTORICAL,true
2026-09-09,VINS,PT Victoria Insurance Tbk.,Keuangan,Asuransi,745,true,true,AVAILABLE,ACTIVE_60D,TOP900_TRADEABLE_COMPOSITE,CURRENT_TOP900_NOT_HISTORICAL,true
2026-09-09,IKPM,PT Ikapharmindo Putramas Tbk.,Kesehatan,Farmasi & Riset Kesehatan,746,true,true,AVAILABLE,ACTIVE_60D,TOP900_TRADEABLE_COMPOSITE,CURRENT_TOP900_NOT_HISTORICAL,true
2026-09-09,SKLT,Sekar Laut Tbk,Barang Konsumen Primer,Makanan & Minuman,747,true,true,AVAILABLE,ACTIVE_60D,TOP900_TRADEABLE_COMPOSITE,CURRENT_TOP900_NOT_HISTORICAL,true
2026-09-09,BOGA,PT Apollo Global Interactive Tbk,Barang Konsumen Non-Primer,Perdagangan Ritel,748,true,true,AVAILABLE,ACTIVE_60D,TOP900_TRADEABLE_COMPOSITE,CURRENT_TOP900_NOT_HISTORICAL,true
2026-09-09,HADE,PT Himalaya Energi Perkasa Tbk,Infrastruktur,Utilitas,749,true,true,AVAILABLE,ACTIVE_60D,TOP900_TRADEABLE_COMPOSITE,CURRENT_TOP900_NOT_HISTORICAL,true
2026-09-09,BTPN,PT Bank SMBC Indonesia Tbk,Keuangan,Bank,750,true,true,AVAILABLE,ACTIVE_60D,TOP900_TRADEABLE_COMPOSITE,CURRENT_TOP900_NOT_HISTORICAL,true
2026-09-09,SONA,Sona Topas Tourism Industry Tbk,Barang Konsumen Non-Primer,Perdagangan Ritel,751,true,true,AVAILABLE,ACTIVE_60D,TOP900_TRADEABLE_COMPOSITE,CURRENT_TOP900_NOT_HISTORICAL,true
2026-09-09,KINO,PT Kino Indonesia Tbk,Barang Konsumen Primer,Produk Rumah Tangga Tidak Tahan Lama,752,true,true,AVAILABLE,ACTIVE_60D,TOP900_TRADEABLE_COMPOSITE,CURRENT_TOP900_NOT_HISTORICAL,true
2026-09-09,APII,PT Arita Prima Indonesia Tbk.,Perindustrian,Barang Perindustrian,753,true,true,AVAILABLE,ACTIVE_60D,TOP900_TRADEABLE_COMPOSITE,CURRENT_TOP900_NOT_HISTORICAL,true
2026-09-09,FAPA,PT FAP Agri Tbk,Barang Konsumen Primer,Makanan & Minuman,754,true,true,AVAILABLE,ACTIVE_60D,TOP900_TRADEABLE_COMPOSITE,CURRENT_TOP900_NOT_HISTORICAL,true
2026-09-09,PANR,Panorama Sentrawisata Tbk,Barang Konsumen Non-Primer,Jasa Konsumen,755,true,true,AVAILABLE,ACTIVE_60D,TOP900_TRADEABLE_COMPOSITE,CURRENT_TOP900_NOT_HISTORICAL,true
2026-09-09,SMDM,Suryamas Dutamakmur Tbk,Properti & Real Estat,Properti & Real Estat,756,true,true,AVAILABLE,ACTIVE_60D,TOP900_TRADEABLE_COMPOSITE,CURRENT_TOP900_NOT_HISTORICAL,true
2026-09-09,PSGO,PT Palma Serasih Tbk.,Barang Konsumen Primer,Makanan & Minuman,757,true,true,AVAILABLE,ACTIVE_60D,TOP900_TRADEABLE_COMPOSITE,CURRENT_TOP900_NOT_HISTORICAL,true
2026-09-09,AMOR,PT Ashmore Asset Management Indonesia Tbk.,Keuangan,Jasa Investasi,758,true,true,AVAILABLE,ACTIVE_60D,TOP900_TRADEABLE_COMPOSITE,CURRENT_TOP900_NOT_HISTORICAL,true
2026-09-09,AMAG,Asuransi Multi Artha Guna Tbk,Keuangan,Asuransi,759,true,true,AVAILABLE,ACTIVE_60D,TOP900_TRADEABLE_COMPOSITE,CURRENT_TOP900_NOT_HISTORICAL,true
2026-09-09,NFCX,PT NFC Indonesia Tbk,Teknologi,Perangkat Lunak & Jasa TI,760,true,true,AVAILABLE,ACTIVE_60D,TOP900_TRADEABLE_COMPOSITE,CURRENT_TOP900_NOT_HISTORICAL,true
2026-09-09,LTLS,PT Lautan Luas Tbk,Barang Baku,Barang Baku,761,true,true,AVAILABLE,ACTIVE_60D,TOP900_TRADEABLE_COMPOSITE,CURRENT_TOP900_NOT_HISTORICAL,true
2026-09-09,LINK,PT Link Net Tbk.,Infrastruktur,Telekomunikasi,762,true,true,AVAILABLE,ACTIVE_60D,TOP900_TRADEABLE_COMPOSITE,CURRENT_TOP900_NOT_HISTORICAL,true
2026-09-09,MDKI,PT Emdeki Utama Tbk,Barang Baku,Barang Baku,763,true,true,AVAILABLE,ACTIVE_60D,TOP900_TRADEABLE_COMPOSITE,CURRENT_TOP900_NOT_HISTORICAL,true
2026-09-09,JSPT,Jakarta Setiabudi Internasional Tbk,Barang Konsumen Non-Primer,Jasa Konsumen,764,true,true,AVAILABLE,ACTIVE_60D,TOP900_TRADEABLE_COMPOSITE,CURRENT_TOP900_NOT_HISTORICAL,true
2026-09-09,CLAY,PT Citra Putra Realty Tbk,Barang Konsumen Non-Primer,Jasa Konsumen,765,true,true,AVAILABLE,ACTIVE_60D,TOP900_TRADEABLE_COMPOSITE,CURRENT_TOP900_NOT_HISTORICAL,true
2026-09-09,PJAA,Pembangunan Jaya Ancol Tbk,Barang Konsumen Non-Primer,Jasa Konsumen,766,true,true,AVAILABLE,ACTIVE_60D,TOP900_TRADEABLE_COMPOSITE,CURRENT_TOP900_NOT_HISTORICAL,true
2026-09-09,SHID,Hotel Sahid Jaya Tbk,Barang Konsumen Non-Primer,Jasa Konsumen,767,true,true,AVAILABLE,ACTIVE_60D,TOP900_TRADEABLE_COMPOSITE,CURRENT_TOP900_NOT_HISTORICAL,true
2026-09-09,URBN,PT Urban Jakarta Propertindo Tbk.,Properti & Real Estat,Properti & Real Estat,768,true,true,AVAILABLE,ACTIVE_60D,TOP900_TRADEABLE_COMPOSITE,CURRENT_TOP900_NOT_HISTORICAL,true
2026-09-09,TRST,Trias Sentosa Tbk,Barang Baku,Barang Baku,769,true,true,AVAILABLE,ACTIVE_60D,TOP900_TRADEABLE_COMPOSITE,CURRENT_TOP900_NOT_HISTORICAL,true
2026-09-09,ARII,Atlas Resources Tbk,Energi,"Minyak, Gas & Batu Bara",770,true,true,AVAILABLE,ACTIVE_60D,TOP900_TRADEABLE_COMPOSITE,CURRENT_TOP900_NOT_HISTORICAL,true
2026-09-09,BALI,PT Bali Towerindo Sentra Tbk.,Infrastruktur,Telekomunikasi,771,true,true,AVAILABLE,ACTIVE_60D,TOP900_TRADEABLE_COMPOSITE,CURRENT_TOP900_NOT_HISTORICAL,true
2026-09-09,BPFI,PT Woori Finance Indonesia Tbk,Keuangan,Jasa Pembiayaan,772,true,true,AVAILABLE,ACTIVE_60D,TOP900_TRADEABLE_COMPOSITE,CURRENT_TOP900_NOT_HISTORICAL,true
2026-09-09,KLIN,PT Klinko Karya Imaji Tbk,Barang Konsumen Non-Primer,Perdagangan Ritel,773,true,true,AVAILABLE,ACTIVE_60D,TOP900_TRADEABLE_COMPOSITE,CURRENT_TOP900_NOT_HISTORICAL,true
2026-09-09,NICK,PT Charnic Capital Tbk.,Keuangan,Perusahaan Holding & Investasi,774,true,true,AVAILABLE,ACTIVE_60D,TOP900_TRADEABLE_COMPOSITE,CURRENT_TOP900_NOT_HISTORICAL,true
2026-09-09,DVLA,Darya-Varia Laboratoria Tbk,Kesehatan,Farmasi & Riset Kesehatan,775,true,true,AVAILABLE,ACTIVE_60D,TOP900_TRADEABLE_COMPOSITE,CURRENT_TOP900_NOT_HISTORICAL,true
2026-09-09,ACST,PT Acset Indonusa Tbk.,Infrastruktur,Konstruksi Bangunan,776,true,true,AVAILABLE,ACTIVE_60D,TOP900_TRADEABLE_COMPOSITE,CURRENT_TOP900_NOT_HISTORICAL,true
2026-09-09,AMFG,Asahimas Flat Glass Tbk,Perindustrian,Barang Perindustrian,777,true,true,AVAILABLE,ACTIVE_60D,TOP900_TRADEABLE_COMPOSITE,CURRENT_TOP900_NOT_HISTORICAL,true
2026-09-09,CASA,PT Capital Financial Indonesia Tbk,Keuangan,Perusahaan Holding & Investasi,778,true,true,AVAILABLE,ACTIVE_60D,TOP900_TRADEABLE_COMPOSITE,CURRENT_TOP900_NOT_HISTORICAL,true
2026-09-09,CRAB,PT Toba Surimi Industries Tbk,Barang Konsumen Primer,Makanan & Minuman,779,true,false,AVAILABLE,SPORADIC_60D,TOP900_TRADEABLE_COMPOSITE,CURRENT_TOP900_NOT_HISTORICAL,true
2026-09-09,LPLI,Star Pacific Tbk,Properti & Real Estat,Properti & Real Estat,780,true,true,AVAILABLE,ACTIVE_60D,TOP900_TRADEABLE_COMPOSITE,CURRENT_TOP900_NOT_HISTORICAL,true
2026-09-09,TBMS,Tembaga Mulia Semanan Tbk,Barang Baku,Barang Baku,781,true,true,AVAILABLE,ACTIVE_60D,TOP900_TRADEABLE_COMPOSITE,CURRENT_TOP900_NOT_HISTORICAL,true
2026-09-09,VICO,PT Victoria Investama Tbk.,Keuangan,Perusahaan Holding & Investasi,782,true,true,AVAILABLE,ACTIVE_60D,TOP900_TRADEABLE_COMPOSITE,CURRENT_TOP900_NOT_HISTORICAL,true
2026-09-09,KMTR,PT Kirana Megatara Tbk.,Barang Baku,Barang Baku,783,true,true,AVAILABLE,ACTIVE_60D,TOP900_TRADEABLE_COMPOSITE,CURRENT_TOP900_NOT_HISTORICAL,true
2026-09-09,MTLA,Metropolitan Land Tbk,Properti & Real Estat,Properti & Real Estat,784,true,true,AVAILABLE,ACTIVE_60D,TOP900_TRADEABLE_COMPOSITE,CURRENT_TOP900_NOT_HISTORICAL,true
2026-09-09,ARTA,Arthavest Tbk,Barang Konsumen Non-Primer,Jasa Konsumen,785,true,true,AVAILABLE,ACTIVE_60D,TOP900_TRADEABLE_COMPOSITE,CURRENT_TOP900_NOT_HISTORICAL,true
2026-09-09,GMTD,Gowa Makassar Tourism Development Tbk,Properti & Real Estat,Properti & Real Estat,786,true,true,AVAILABLE,ACTIVE_60D,TOP900_TRADEABLE_COMPOSITE,CURRENT_TOP900_NOT_HISTORICAL,true
2026-09-09,LPIN,Multi Prima Sejahtera Tbk,Barang Konsumen Non-Primer,Otomotif & Komponen Otomotif,787,true,true,AVAILABLE,ACTIVE_60D,TOP900_TRADEABLE_COMPOSITE,CURRENT_TOP900_NOT_HISTORICAL,true
2026-09-09,PRAY,PT Famon Awal Bros Sedaya Tbk,Kesehatan,Jasa & Peralatan Kesehatan,788,true,true,AVAILABLE,ACTIVE_60D,TOP900_TRADEABLE_COMPOSITE,CURRENT_TOP900_NOT_HISTORICAL,true
2026-09-09,BMSR,Bintang Mitra Semestaraya Tbk,Barang Baku,Barang Baku,789,true,true,AVAILABLE,ACTIVE_60D,TOP900_TRADEABLE_COMPOSITE,CURRENT_TOP900_NOT_HISTORICAL,true
2026-09-09,IFII,PT Indonesia Fibreboard Industry Tbk,Barang Baku,Barang Baku,790,true,true,AVAILABLE,ACTIVE_60D,TOP900_TRADEABLE_COMPOSITE,CURRENT_TOP900_NOT_HISTORICAL,true
2026-09-09,TCID,Mandom Indonesia Tbk,Barang Konsumen Primer,Produk Rumah Tangga Tidak Tahan Lama,791,true,true,AVAILABLE,ACTIVE_60D,TOP900_TRADEABLE_COMPOSITE,CURRENT_TOP900_NOT_HISTORICAL,true
2026-09-09,AMIN,PT Ateliers Mecaniques D Indonesie Tbk.,Perindustrian,Barang Perindustrian,792,true,true,AVAILABLE,ACTIVE_60D,TOP900_TRADEABLE_COMPOSITE,CURRENT_TOP900_NOT_HISTORICAL,true
2026-09-09,PNGO,PT AEP Pinago Plantations Tbk,Barang Konsumen Primer,Makanan & Minuman,793,true,true,AVAILABLE,ACTIVE_60D,TOP900_TRADEABLE_COMPOSITE,CURRENT_TOP900_NOT_HISTORICAL,true
2026-09-09,ASDM,Asuransi Dayin Mitra Tbk,Keuangan,Asuransi,794,true,true,AVAILABLE,ACTIVE_60D,TOP900_TRADEABLE_COMPOSITE,CURRENT_TOP900_NOT_HISTORICAL,true
2026-09-09,MPRO,PT Maha Properti Indonesia Tbk.,Properti & Real Estat,Properti & Real Estat,795,true,true,AVAILABLE,ACTIVE_60D,TOP900_TRADEABLE_COMPOSITE,CURRENT_TOP900_NOT_HISTORICAL,true
2026-09-09,KBLM,Kabelindo Murni Tbk,Perindustrian,Barang Perindustrian,796,true,true,AVAILABLE,ACTIVE_60D,TOP900_TRADEABLE_COMPOSITE,CURRENT_TOP900_NOT_HISTORICAL,true
2026-09-09,ASBI,Asuransi Bintang Tbk,Keuangan,Asuransi,797,true,true,AVAILABLE,ACTIVE_60D,TOP900_TRADEABLE_COMPOSITE,CURRENT_TOP900_NOT_HISTORICAL,true
2026-09-09,TARA,PT Agung Semesta Sejahtera Tbk,Properti & Real Estat,Properti & Real Estat,798,true,true,AVAILABLE,ACTIVE_60D,TOP900_TRADEABLE_COMPOSITE,CURRENT_TOP900_NOT_HISTORICAL,true
2026-09-09,IGAR,Champion Pacific Indonesia Tbk,Barang Baku,Barang Baku,799,true,true,AVAILABLE,ACTIVE_60D,TOP900_TRADEABLE_COMPOSITE,CURRENT_TOP900_NOT_HISTORICAL,true
2026-09-09,GLVA,PT Galva Technologies Tbk,Teknologi,Perangkat Keras & Peralatan Teknologi,800,true,true,AVAILABLE,ACTIVE_60D,TOP900_TRADEABLE_COMPOSITE,CURRENT_TOP900_NOT_HISTORICAL,true
2026-09-09,PORT,PT Nusantara Pelabuhan Handal Tbk.,Infrastruktur,Infrastruktur Transportasi,801,true,true,AVAILABLE,ACTIVE_60D,TOP900_TRADEABLE_COMPOSITE,CURRENT_TOP900_NOT_HISTORICAL,true
2026-09-09,MICE,Multi Indocitra Tbk,Barang Konsumen Non-Primer,Barang Rumah Tangga,802,true,true,AVAILABLE,ACTIVE_60D,TOP900_TRADEABLE_COMPOSITE,CURRENT_TOP900_NOT_HISTORICAL,true
2026-09-09,DAYA,PT Duta Intidaya Tbk.,Barang Konsumen Primer,Perdagangan Ritel Barang Primer,803,true,true,AVAILABLE,ACTIVE_60D,TOP900_TRADEABLE_COMPOSITE,CURRENT_TOP900_NOT_HISTORICAL,true
2026-09-09,PTIS,Indo Straits Tbk,Energi,"Minyak, Gas & Batu Bara",804,true,true,AVAILABLE,ACTIVE_60D,TOP900_TRADEABLE_COMPOSITE,CURRENT_TOP900_NOT_HISTORICAL,true
2026-09-09,PUDP,Pudjiadi Prestige Tbk,Properti & Real Estat,Properti & Real Estat,805,true,true,AVAILABLE,ACTIVE_60D,TOP900_TRADEABLE_COMPOSITE,CURRENT_TOP900_NOT_HISTORICAL,true
2026-09-09,DADA,PT Diamond Citra Propertindo Tbk.,Properti & Real Estat,Properti & Real Estat,806,true,true,AVAILABLE,ACTIVE_60D,TOP900_TRADEABLE_COMPOSITE,CURRENT_TOP900_NOT_HISTORICAL,true
2026-09-09,LPGI,Lippo General Insurance Tbk,Keuangan,Asuransi,807,true,true,AVAILABLE,ACTIVE_60D,TOP900_TRADEABLE_COMPOSITE,CURRENT_TOP900_NOT_HISTORICAL,true
2026-09-09,POLI,PT Pollux Hotels Group Tbk,Properti & Real Estat,Properti & Real Estat,808,true,true,AVAILABLE,ACTIVE_60D,TOP900_TRADEABLE_COMPOSITE,CURRENT_TOP900_NOT_HISTORICAL,true
2026-09-09,TIRT,Tirta Mahakam Resources Tbk,Barang Baku,Barang Baku,809,true,false,AVAILABLE,SPORADIC_60D,TOP900_TRADEABLE_COMPOSITE,CURRENT_TOP900_NOT_HISTORICAL,true
2026-09-09,RANC,Supra Boga Lestari Tbk,Barang Konsumen Primer,Perdagangan Ritel Barang Primer,810,true,true,AVAILABLE,ACTIVE_60D,TOP900_TRADEABLE_COMPOSITE,CURRENT_TOP900_NOT_HISTORICAL,true
2026-09-09,NASA,PT Andalan Perkasa Abadi Tbk,Properti & Real Estat,Properti & Real Estat,811,true,true,AVAILABLE,ACTIVE_60D,TOP900_TRADEABLE_COMPOSITE,CURRENT_TOP900_NOT_HISTORICAL,true
2026-09-09,IDPR,PT Indonesia Pondasi Raya Tbk.,Infrastruktur,Konstruksi Bangunan,812,true,true,AVAILABLE,ACTIVE_60D,TOP900_TRADEABLE_COMPOSITE,CURRENT_TOP900_NOT_HISTORICAL,true
2026-09-09,FMII,Fortune Mate Indonesia Tbk,Properti & Real Estat,Properti & Real Estat,813,true,true,AVAILABLE,ACTIVE_60D,TOP900_TRADEABLE_COMPOSITE,CURRENT_TOP900_NOT_HISTORICAL,true
2026-09-09,INDX,Tanah Laut Tbk,Perindustrian,Jasa Perindustrian,814,true,false,AVAILABLE,SPORADIC_60D,TOP900_TRADEABLE_COMPOSITE,CURRENT_TOP900_NOT_HISTORICAL,true
2026-09-09,BOLT,PT Garuda Metalindo Tbk.,Barang Konsumen Non-Primer,Otomotif & Komponen Otomotif,815,true,true,AVAILABLE,ACTIVE_60D,TOP900_TRADEABLE_COMPOSITE,CURRENT_TOP900_NOT_HISTORICAL,true
2026-09-09,DMND,PT Diamond Food Indonesia Tbk.,Barang Konsumen Primer,Perdagangan Ritel Barang Primer,816,true,true,AVAILABLE,ACTIVE_60D,TOP900_TRADEABLE_COMPOSITE,CURRENT_TOP900_NOT_HISTORICAL,true
2026-09-09,YULE,Yulie Sekuritas Indonesia Tbk,Keuangan,Jasa Investasi,817,true,true,AVAILABLE,ACTIVE_60D,TOP900_TRADEABLE_COMPOSITE,CURRENT_TOP900_NOT_HISTORICAL,true
2026-09-09,MLIA,Mulia Industrindo Tbk,Perindustrian,Barang Perindustrian,818,true,true,AVAILABLE,ACTIVE_60D,TOP900_TRADEABLE_COMPOSITE,CURRENT_TOP900_NOT_HISTORICAL,true
2026-09-09,MTFN,Capitalinc Investment Tbk,Energi,"Minyak, Gas & Batu Bara",819,true,false,AVAILABLE,SPORADIC_60D,TOP900_TRADEABLE_COMPOSITE,CURRENT_TOP900_NOT_HISTORICAL,true
2026-09-09,MASB,PT Bank Multiarta Sentosa Tbk,Keuangan,Bank,820,true,true,AVAILABLE,ACTIVE_60D,TOP900_TRADEABLE_COMPOSITE,CURRENT_TOP900_NOT_HISTORICAL,true
2026-09-09,MTMH,PT Murni Sadar Tbk,Kesehatan,Jasa & Peralatan Kesehatan,821,true,true,AVAILABLE,ACTIVE_60D,TOP900_TRADEABLE_COMPOSITE,CURRENT_TOP900_NOT_HISTORICAL,true
2026-09-09,FISH,FKS Multi Agro Tbk,Barang Konsumen Primer,Makanan & Minuman,822,true,true,AVAILABLE,ACTIVE_60D,TOP900_TRADEABLE_COMPOSITE,CURRENT_TOP900_NOT_HISTORICAL,true
2026-09-09,IPAC,PT Era Graharealty Tbk,Properti & Real Estat,Properti & Real Estat,823,true,true,AVAILABLE,ACTIVE_60D,TOP900_TRADEABLE_COMPOSITE,CURRENT_TOP900_NOT_HISTORICAL,true
2026-09-09,ASRM,Asuransi Ramayana Tbk,Keuangan,Asuransi,824,true,true,AVAILABLE,ACTIVE_60D,TOP900_TRADEABLE_COMPOSITE,CURRENT_TOP900_NOT_HISTORICAL,true
2026-09-09,GDYR,Goodyear Indonesia Tbk,Barang Konsumen Non-Primer,Otomotif & Komponen Otomotif,825,true,true,AVAILABLE,ACTIVE_60D,TOP900_TRADEABLE_COMPOSITE,CURRENT_TOP900_NOT_HISTORICAL,true
2026-09-09,HILL,PT Hillcon Tbk,Energi,"Minyak, Gas & Batu Bara",826,true,false,AVAILABLE,SPORADIC_60D,TOP900_TRADEABLE_COMPOSITE,CURRENT_TOP900_NOT_HISTORICAL,true
2026-09-09,RDTX,Roda Vivatex Tbk,Properti & Real Estat,Properti & Real Estat,827,true,true,AVAILABLE,ACTIVE_60D,TOP900_TRADEABLE_COMPOSITE,CURRENT_TOP900_NOT_HISTORICAL,true
2026-09-09,MTWI,PT Malacca Trust Wuwungan Insurance Tbk.,Keuangan,Asuransi,828,true,true,AVAILABLE,ACTIVE_60D,TOP900_TRADEABLE_COMPOSITE,CURRENT_TOP900_NOT_HISTORICAL,true
2026-09-09,KDSI,Kedawung Setia Industrial Tbk,Barang Baku,Barang Baku,829,true,true,AVAILABLE,ACTIVE_60D,TOP900_TRADEABLE_COMPOSITE,CURRENT_TOP900_NOT_HISTORICAL,true
2026-09-09,JMAS,PT Asuransi Jiwa Syariah Jasa Mitra Abadi Tbk,Keuangan,Asuransi,830,true,false,AVAILABLE,SPORADIC_60D,TOP900_TRADEABLE_COMPOSITE,CURRENT_TOP900_NOT_HISTORICAL,true
2026-09-09,BTON,Betonjaya Manunggal Tbk,Barang Baku,Barang Baku,831,true,true,AVAILABLE,ACTIVE_60D,TOP900_TRADEABLE_COMPOSITE,CURRENT_TOP900_NOT_HISTORICAL,true
2026-09-09,BPII,PT Batavia Prosperindo Internasional Tbk.,Keuangan,Perusahaan Holding & Investasi,832,true,true,AVAILABLE,ACTIVE_60D,TOP900_TRADEABLE_COMPOSITE,CURRENT_TOP900_NOT_HISTORICAL,true
2026-09-09,LFLO,PT Imago Mulia Persada Tbk,Barang Konsumen Non-Primer,Barang Rumah Tangga,833,true,true,AVAILABLE,ACTIVE_60D,TOP900_TRADEABLE_COMPOSITE,CURRENT_TOP900_NOT_HISTORICAL,true
2026-09-09,RELI,Reliance Sekuritas Indonesia Tbk,Keuangan,Jasa Investasi,834,true,true,AVAILABLE,ACTIVE_60D,TOP900_TRADEABLE_COMPOSITE,CURRENT_TOP900_NOT_HISTORICAL,true
2026-09-09,STTP,PT Siantar Top Tbk,Barang Konsumen Primer,Makanan & Minuman,835,true,true,AVAILABLE,ACTIVE_60D,TOP900_TRADEABLE_COMPOSITE,CURRENT_TOP900_NOT_HISTORICAL,true
2026-09-09,SIPD,PT Sreeya Sewu Indonesia Tbk,Barang Konsumen Primer,Makanan & Minuman,836,true,true,AVAILABLE,ACTIVE_60D,TOP900_TRADEABLE_COMPOSITE,CURRENT_TOP900_NOT_HISTORICAL,true
2026-09-09,IFSH,PT Ifishdeco Tbk.,Barang Baku,Barang Baku,837,true,true,AVAILABLE,ACTIVE_60D,TOP900_TRADEABLE_COMPOSITE,CURRENT_TOP900_NOT_HISTORICAL,true
2026-09-09,PNSE,Pudjiadi & Sons Tbk,Barang Konsumen Non-Primer,Jasa Konsumen,838,true,true,AVAILABLE,ACTIVE_60D,TOP900_TRADEABLE_COMPOSITE,CURRENT_TOP900_NOT_HISTORICAL,true
2026-09-09,BRAM,Indo Kordsa Tbk,Barang Konsumen Non-Primer,Otomotif & Komponen Otomotif,839,true,true,AVAILABLE,ACTIVE_60D,TOP900_TRADEABLE_COMPOSITE,CURRENT_TOP900_NOT_HISTORICAL,true
2026-09-09,ABDA,PT Asuransi Bina Dana Arta Tbk,Keuangan,Asuransi,840,true,true,AVAILABLE,ACTIVE_60D,TOP900_TRADEABLE_COMPOSITE,CURRENT_TOP900_NOT_HISTORICAL,true
2026-09-09,OMRE,Indonesia Prima Property Tbk,Properti & Real Estat,Properti & Real Estat,841,true,true,AVAILABLE,ACTIVE_60D,TOP900_TRADEABLE_COMPOSITE,CURRENT_TOP900_NOT_HISTORICAL,true
2026-09-09,CNKO,Exploitasi Energi Indonesia Tbk,Energi,"Minyak, Gas & Batu Bara",842,true,false,AVAILABLE,SPORADIC_60D,TOP900_TRADEABLE_COMPOSITE,CURRENT_TOP900_NOT_HISTORICAL,true
2026-09-09,RSGK,PT Kedoya Adyaraya Tbk,Kesehatan,Jasa & Peralatan Kesehatan,843,true,true,AVAILABLE,ACTIVE_60D,TOP900_TRADEABLE_COMPOSITE,CURRENT_TOP900_NOT_HISTORICAL,true
2026-09-09,WSBP,PT Waskita Beton Precast Tbk.,Barang Baku,Barang Baku,844,true,false,AVAILABLE,SPORADIC_60D,TOP900_TRADEABLE_COMPOSITE,CURRENT_TOP900_NOT_HISTORICAL,true
2026-09-09,DUTI,Duta Pertiwi Tbk,Properti & Real Estat,Properti & Real Estat,845,true,true,AVAILABLE,ACTIVE_60D,TOP900_TRADEABLE_COMPOSITE,CURRENT_TOP900_NOT_HISTORICAL,true
2026-09-09,TGKA,Tigaraksa Satria Tbk,Barang Konsumen Primer,Makanan & Minuman,846,true,true,AVAILABLE,ACTIVE_60D,TOP900_TRADEABLE_COMPOSITE,CURRENT_TOP900_NOT_HISTORICAL,true
2026-09-09,BBSI,PT Krom Bank Indonesia Tbk,Keuangan,Bank,847,true,true,AVAILABLE,ACTIVE_60D,TOP900_TRADEABLE_COMPOSITE,CURRENT_TOP900_NOT_HISTORICAL,true
2026-09-09,MAPB,PT Map Boga Adiperkasa Tbk,Barang Konsumen Non-Primer,Jasa Konsumen,848,true,true,AVAILABLE,ACTIVE_60D,TOP900_TRADEABLE_COMPOSITE,CURRENT_TOP900_NOT_HISTORICAL,true
2026-09-09,BBMD,PT Bank Mestika Dharma Tbk.,Keuangan,Bank,849,true,true,AVAILABLE,ACTIVE_60D,TOP900_TRADEABLE_COMPOSITE,CURRENT_TOP900_NOT_HISTORICAL,true
2026-09-09,GTBO,Garda Tujuh Buana Tbk,Energi,"Minyak, Gas & Batu Bara",850,true,false,AVAILABLE,SPORADIC_60D,TOP900_TRADEABLE_COMPOSITE,CURRENT_TOP900_NOT_HISTORICAL,true
2026-09-09,BHAT,PT Bhakti Multi Artha Tbk.,Keuangan,Asuransi,851,true,false,AVAILABLE,SPORADIC_60D,TOP900_TRADEABLE_COMPOSITE,CURRENT_TOP900_NOT_HISTORICAL,true
2026-09-09,SOSS,PT ALSOK Indonesia Services Tbk,Perindustrian,Jasa Perindustrian,852,true,true,AVAILABLE,ACTIVE_60D,TOP900_TRADEABLE_COMPOSITE,CURRENT_TOP900_NOT_HISTORICAL,true
2026-09-09,IBFN,PT Intan Baru Prana Tbk,Perindustrian,Barang Perindustrian,853,true,false,AVAILABLE,SPORADIC_60D,TOP900_TRADEABLE_COMPOSITE,CURRENT_TOP900_NOT_HISTORICAL,true
2026-09-09,MARI,PT Mahaka Radio Integra Tbk.,Barang Konsumen Non-Primer,Media & Hiburan,854,true,false,AVAILABLE,SPORADIC_60D,TOP900_TRADEABLE_COMPOSITE,CURRENT_TOP900_NOT_HISTORICAL,true
2026-09-09,MDRN,Modern Internasional Tbk,Perindustrian,Jasa Perindustrian,855,true,false,AVAILABLE,SPORADIC_60D,TOP900_TRADEABLE_COMPOSITE,CURRENT_TOP900_NOT_HISTORICAL,true
2026-09-09,SOUL,PT Mitra Tirta Buwana Tbk,Barang Konsumen Primer,Makanan & Minuman,856,true,false,AVAILABLE,SPORADIC_60D,TOP900_TRADEABLE_COMPOSITE,CURRENT_TOP900_NOT_HISTORICAL,true
2026-09-09,TFCO,Tifico Fiber Indonesia Tbk,Barang Konsumen Non-Primer,Pakaian & Barang Mewah,857,true,true,AVAILABLE,ACTIVE_60D,TOP900_TRADEABLE_COMPOSITE,CURRENT_TOP900_NOT_HISTORICAL,true
2026-09-09,INTA,Intraco Penta Tbk,Perindustrian,Barang Perindustrian,858,true,false,AVAILABLE,SPORADIC_60D,TOP900_TRADEABLE_COMPOSITE,CURRENT_TOP900_NOT_HISTORICAL,true
2026-09-09,KARW,Meratus Jasa Prima Tbk,Infrastruktur,Infrastruktur Transportasi,859,true,false,AVAILABLE,SPORADIC_60D,TOP900_TRADEABLE_COMPOSITE,CURRENT_TOP900_NOT_HISTORICAL,true
2026-09-09,ARKA,PT Arkha Jayanti Persada Tbk.,Perindustrian,Barang Perindustrian,860,true,false,AVAILABLE,SPORADIC_60D,TOP900_TRADEABLE_COMPOSITE,CURRENT_TOP900_NOT_HISTORICAL,true
2026-09-09,DIGI,PT Arkadia Digital Media Tbk,Barang Konsumen Non-Primer,Media & Hiburan,861,true,false,AVAILABLE,SPORADIC_60D,TOP900_TRADEABLE_COMPOSITE,CURRENT_TOP900_NOT_HISTORICAL,true
2026-09-09,TAYS,PT Jaya Swarasa Agung Tbk,Barang Konsumen Primer,Makanan & Minuman,862,true,false,AVAILABLE,SPORADIC_60D,TOP900_TRADEABLE_COMPOSITE,CURRENT_TOP900_NOT_HISTORICAL,true
2026-09-09,ABBA,Mahaka Media Tbk,Barang Konsumen Non-Primer,Media & Hiburan,863,true,false,AVAILABLE,SPORADIC_60D,TOP900_TRADEABLE_COMPOSITE,CURRENT_TOP900_NOT_HISTORICAL,true
2026-09-09,CANI,PT Capitol Nusantara Indonesia Tbk.,Energi,"Minyak, Gas & Batu Bara",864,true,false,AVAILABLE,SPORADIC_60D,TOP900_TRADEABLE_COMPOSITE,CURRENT_TOP900_NOT_HISTORICAL,true
2026-09-09,BATA,Sepatu Bata Tbk,Barang Konsumen Non-Primer,Pakaian & Barang Mewah,865,true,false,AVAILABLE,SPORADIC_60D,TOP900_TRADEABLE_COMPOSITE,CURRENT_TOP900_NOT_HISTORICAL,true
2026-09-09,MREI,Maskapai Reasuransi Indonesia Tbk,Keuangan,Asuransi,866,true,false,AVAILABLE,SPORADIC_60D,TOP900_TRADEABLE_COMPOSITE,CURRENT_TOP900_NOT_HISTORICAL,true
2026-09-09,CMPP,PT AirAsia Indonesia Tbk,Transportasi & Logistik,Transportasi,867,true,false,AVAILABLE,SPORADIC_60D,TOP900_TRADEABLE_COMPOSITE,CURRENT_TOP900_NOT_HISTORICAL,true
2026-09-09,KOIN,Kokoh Inti Arebama Tbk,Perindustrian,Barang Perindustrian,868,true,false,AVAILABLE,SPORADIC_60D,TOP900_TRADEABLE_COMPOSITE,CURRENT_TOP900_NOT_HISTORICAL,true
2026-09-09,BSWD,Bank of India Indonesia Tbk,Keuangan,Bank,869,true,false,AVAILABLE,SPORADIC_60D,TOP900_TRADEABLE_COMPOSITE,CURRENT_TOP900_NOT_HISTORICAL,true
2026-09-09,MYTX,PT Asia Pacific Investama Tbk.,Barang Konsumen Non-Primer,Pakaian & Barang Mewah,870,true,false,AVAILABLE,SPORADIC_60D,TOP900_TRADEABLE_COMPOSITE,CURRENT_TOP900_NOT_HISTORICAL,true
2026-09-09,INCF,PT Indo Komoditi Korpora Tbk,Barang Baku,Barang Baku,871,true,false,AVAILABLE,SPORADIC_60D,TOP900_TRADEABLE_COMPOSITE,CURRENT_TOP900_NOT_HISTORICAL,true
2026-09-09,FOOD,PT Sentra Food Indonesia Tbk.,Barang Konsumen Primer,Makanan & Minuman,872,true,false,AVAILABLE,SPORADIC_60D,TOP900_TRADEABLE_COMPOSITE,CURRENT_TOP900_NOT_HISTORICAL,true
2026-09-09,BLTZ,PT Graha Layar Prima Tbk.,Barang Konsumen Non-Primer,Jasa Konsumen,873,true,false,AVAILABLE,SPORADIC_60D,TOP900_TRADEABLE_COMPOSITE,CURRENT_TOP900_NOT_HISTORICAL,true
2026-09-09,ADCP,PT Adhi Commuter Properti Tbk,Properti & Real Estat,Properti & Real Estat,874,false,false,AVAILABLE,NO_RECENT_TRADES_60D,TOP900_RESEARCH_ONLY_SURVIVORSHIP_PRESERVATION,CURRENT_TOP900_NOT_HISTORICAL,true
2026-09-09,POLY,Asia Pacific Fibers Tbk,Barang Konsumen Non-Primer,Pakaian & Barang Mewah,875,false,false,AVAILABLE,NO_RECENT_TRADES_60D,TOP900_RESEARCH_ONLY_SURVIVORSHIP_PRESERVATION,CURRENT_TOP900_NOT_HISTORICAL,true
2026-09-09,ZINC,PT Kapuas Prima Coal Tbk,Barang Baku,Barang Baku,876,false,false,AVAILABLE,NO_RECENT_TRADES_60D,TOP900_RESEARCH_ONLY_SURVIVORSHIP_PRESERVATION,CURRENT_TOP900_NOT_HISTORICAL,true
2026-09-09,IBST,Inti Bangun Sejahtera Tbk,Infrastruktur,Telekomunikasi,877,false,false,AVAILABLE,NO_RECENT_TRADES_60D,TOP900_RESEARCH_ONLY_SURVIVORSHIP_PRESERVATION,CURRENT_TOP900_NOT_HISTORICAL,true
2026-09-09,EDGE,PT Indointernet Tbk.,Teknologi,Perangkat Lunak & Jasa TI,878,false,false,AVAILABLE,NO_RECENT_TRADES_60D,TOP900_RESEARCH_ONLY_SURVIVORSHIP_PRESERVATION,CURRENT_TOP900_NOT_HISTORICAL,true
2026-09-09,AKKU,PT Anugerah Kagum Karya Utama Tbk,Barang Konsumen Non-Primer,Jasa Konsumen,879,false,false,AVAILABLE,NO_RECENT_TRADES_60D,TOP900_RESEARCH_ONLY_SURVIVORSHIP_PRESERVATION,CURRENT_TOP900_NOT_HISTORICAL,true
2026-09-09,INRU,Toba Pulp Lestari Tbk,Barang Baku,Barang Baku,880,false,false,AVAILABLE,NO_RECENT_TRADES_60D,TOP900_RESEARCH_ONLY_SURVIVORSHIP_PRESERVATION,CURRENT_TOP900_NOT_HISTORICAL,true
2026-09-09,RAFI,PT Sari Kreasi Boga Tbk,Barang Konsumen Non-Primer,Jasa Konsumen,881,false,false,AVAILABLE,NO_RECENT_TRADES_60D,TOP900_RESEARCH_ONLY_SURVIVORSHIP_PRESERVATION,CURRENT_TOP900_NOT_HISTORICAL,true
2026-09-09,BIMA,Primarindo Asia Infrastructure Tbk,Barang Konsumen Non-Primer,Pakaian & Barang Mewah,882,false,false,AVAILABLE,NO_RECENT_TRADES_60D,TOP900_RESEARCH_ONLY_SURVIVORSHIP_PRESERVATION,CURRENT_TOP900_NOT_HISTORICAL,true
2026-09-09,MTPS,PT Meta Epsi Tbk.,Infrastruktur,Konstruksi Bangunan,883,false,false,AVAILABLE,NO_RECENT_TRADES_60D,TOP900_RESEARCH_ONLY_SURVIVORSHIP_PRESERVATION,CURRENT_TOP900_NOT_HISTORICAL,true
2026-09-09,PTDU,PT Djasa Ubersakti Tbk,Infrastruktur,Konstruksi Bangunan,884,false,false,AVAILABLE,NO_RECENT_TRADES_60D,TOP900_RESEARCH_ONLY_SURVIVORSHIP_PRESERVATION,CURRENT_TOP900_NOT_HISTORICAL,true
2026-09-09,DPNS,Duta Pertiwi Nusantara Tbk,Barang Baku,Barang Baku,885,false,false,AVAILABLE,NO_RECENT_TRADES_60D,TOP900_RESEARCH_ONLY_SURVIVORSHIP_PRESERVATION,CURRENT_TOP900_NOT_HISTORICAL,true
2026-09-09,MENN,PT Menn Teknologi Indonesia Tbk.,Teknologi,Perangkat Keras & Peralatan Teknologi,886,false,false,AVAILABLE,NO_RECENT_TRADES_60D,TOP900_RESEARCH_ONLY_SURVIVORSHIP_PRESERVATION,CURRENT_TOP900_NOT_HISTORICAL,true
2026-09-09,GLOB,PT Globe Kita Terang Tbk,Barang Konsumen Non-Primer,Perdagangan Ritel,887,false,false,AVAILABLE,NO_RECENT_TRADES_60D,TOP900_RESEARCH_ONLY_SURVIVORSHIP_PRESERVATION,CURRENT_TOP900_NOT_HISTORICAL,true
2026-09-09,ALMI,Alumindo Light Metal Industry Tbk,Barang Baku,Barang Baku,888,false,false,AVAILABLE,NO_RECENT_TRADES_60D,TOP900_RESEARCH_ONLY_SURVIVORSHIP_PRESERVATION,CURRENT_TOP900_NOT_HISTORICAL,true
2026-09-09,ALTO,Tri Banyan Tirta Tbk,Barang Konsumen Primer,Makanan & Minuman,889,false,false,AVAILABLE,NO_RECENT_TRADES_60D,TOP900_RESEARCH_ONLY_SURVIVORSHIP_PRESERVATION,CURRENT_TOP900_NOT_HISTORICAL,true
2026-09-09,ARMY,PT Armidian Karyatama Tbk,Properti & Real Estat,Properti & Real Estat,890,false,false,AVAILABLE,NO_RECENT_TRADES_60D,TOP900_RESEARCH_ONLY_SURVIVORSHIP_PRESERVATION,CURRENT_TOP900_NOT_HISTORICAL,true
2026-09-09,ARTI,Ratu Prabu Energi Tbk,Energi,"Minyak, Gas & Batu Bara",891,false,false,AVAILABLE,NO_RECENT_TRADES_60D,TOP900_RESEARCH_ONLY_SURVIVORSHIP_PRESERVATION,CURRENT_TOP900_NOT_HISTORICAL,true
2026-09-09,BEBS,PT Berkah Beton Sadaya Tbk,Barang Baku,Barang Baku,892,false,false,AVAILABLE,NO_RECENT_TRADES_60D,TOP900_RESEARCH_ONLY_SURVIVORSHIP_PRESERVATION,CURRENT_TOP900_NOT_HISTORICAL,true
2026-09-09,BIKA,PT Binakarya Jaya Abadi Tbk.,Properti & Real Estat,Properti & Real Estat,893,false,false,AVAILABLE,NO_RECENT_TRADES_60D,TOP900_RESEARCH_ONLY_SURVIVORSHIP_PRESERVATION,CURRENT_TOP900_NOT_HISTORICAL,true
2026-09-09,BOSS,PT Borneo Olah Sarana Sukses Tbk.,Energi,"Minyak, Gas & Batu Bara",894,false,false,AVAILABLE,NO_RECENT_TRADES_60D,TOP900_RESEARCH_ONLY_SURVIVORSHIP_PRESERVATION,CURRENT_TOP900_NOT_HISTORICAL,true
2026-09-09,BTEL,Bakrie Telecom Tbk,Infrastruktur,Telekomunikasi,895,false,false,AVAILABLE,NO_RECENT_TRADES_60D,TOP900_RESEARCH_ONLY_SURVIVORSHIP_PRESERVATION,CURRENT_TOP900_NOT_HISTORICAL,true
2026-09-09,CBMF,PT Cahaya Bintang Medan Tbk,Barang Konsumen Non-Primer,Barang Rumah Tangga,896,false,false,AVAILABLE,NO_RECENT_TRADES_60D,TOP900_RESEARCH_ONLY_SURVIVORSHIP_PRESERVATION,CURRENT_TOP900_NOT_HISTORICAL,true
2026-09-09,COWL,COWELL DEVELOPMENT Tbk,Properti & Real Estat,Properti & Real Estat,897,false,false,AVAILABLE,NO_RECENT_TRADES_60D,TOP900_RESEARCH_ONLY_SURVIVORSHIP_PRESERVATION,CURRENT_TOP900_NOT_HISTORICAL,true
2026-09-09,CPRI,PT Capri Nusa Satu Properti Tbk.,Properti & Real Estat,Properti & Real Estat,898,false,false,AVAILABLE,NO_RECENT_TRADES_60D,TOP900_RESEARCH_ONLY_SURVIVORSHIP_PRESERVATION,CURRENT_TOP900_NOT_HISTORICAL,true
2026-09-09,DEAL,PT Dewata Freightinternational Tbk.,Transportasi & Logistik,Logistik & Pengantaran,899,false,false,AVAILABLE,NO_RECENT_TRADES_60D,TOP900_RESEARCH_ONLY_SURVIVORSHIP_PRESERVATION,CURRENT_TOP900_NOT_HISTORICAL,true
2026-09-09,DUCK,PT Jaya Bersama Indo Tbk.,Barang Konsumen Non-Primer,Jasa Konsumen,900,false,false,AVAILABLE,NO_RECENT_TRADES_60D,TOP900_RESEARCH_ONLY_SURVIVORSHIP_PRESERVATION,CURRENT_TOP900_NOT_HISTORICAL,true
